Feature,AM_N,PM_N,AM_Mean,AM_Std,PM_Mean,PM_Std,Welch_T,Welch_p,MannWhitney_U,MannWhitney_p,Cohens_d,Welch_q_BH,Welch_FDR_05
valence_score,34,6,2.970588,1.336783,3.666667,0.516398,-2.23494,0.037203,65.0,0.155097,-0.552557,0.079057,False
arousal_score,34,6,3.0,1.255292,3.333333,0.516398,-1.106265,0.283248,76.0,0.312395,-0.281366,0.370401,False
audio_duration_sec,34,6,0.907644,0.214132,0.712117,0.04797,4.698047,3.9e-05,174.5,0.006225,0.976147,0.000219,True
audio_trimmed_dur_sec,34,6,0.907644,0.214132,0.712117,0.04797,4.698047,3.9e-05,174.5,0.006225,0.976147,0.000219,True
audio_f0_mean_hz,23,5,180.037391,52.768799,143.97,21.252549,2.480623,0.024223,96.0,0.018987,0.732321,0.058827,False
audio_f0_std_hz,23,5,21.650435,21.451279,15.83,10.79208,0.884521,0.393531,65.0,0.683842,0.288408,0.446002,False
audio_f0_range_hz,23,5,60.647391,56.418665,45.364,24.32032,0.953928,0.355161,63.0,0.771368,0.289639,0.431267,False
audio_voiced_ratio,34,6,0.456044,0.368452,0.640033,0.318055,-1.274122,0.240272,76.5,0.337079,-0.507947,0.350292,False
audio_period_variation_proxy,23,5,0.007385,0.003469,0.009958,0.00412,-1.299867,0.247265,32.0,0.13722,-0.719426,0.350292,False
audio_rms_mean,34,6,0.075131,0.028007,0.0272,0.004689,9.27008,0.0,204.0,1e-06,1.832605,0.0,True
audio_rms_std,34,6,0.033953,0.013691,0.018165,0.005807,4.731839,0.000189,171.0,0.006865,1.220976,0.000804,True
audio_rms_frame_variation_proxy,34,6,0.111999,0.029287,0.148353,0.042992,-1.991382,0.09479,46.0,0.03299,-1.156547,0.161142,False
audio_zcr_mean,34,6,0.11991,0.019285,0.095127,0.015698,3.436566,0.008983,169.0,0.00901,1.314627,0.025452,True
audio_spec_centroid_mean,34,6,1586.465294,163.662971,1490.423333,95.878111,1.994,0.071483,146.0,0.100391,0.613957,0.135023,False
audio_spec_bandwidth_mean,34,6,1514.216471,119.638554,1620.585,38.187832,-4.127795,0.000342,40.0,0.016889,-0.946783,0.001163,True
audio_spec_rolloff85_mean,34,6,3162.82,399.315887,3207.41,173.848482,-0.452114,0.657081,95.0,0.810371,-0.118143,0.698149,False
audio_spec_flatness_mean,34,6,0.019603,0.010643,0.020122,0.005409,-0.180934,0.859162,90.0,0.670892,-0.051272,0.859162,False
