spoken_word,Count,Mean_Valence,Mean_Arousal,Pitch_Available,Mean_F0_Hz
Ambot,1,3.0,2.0,1,269.6
Chuy,1,2.0,3.0,0,
Duha-duha,1,2.0,2.0,1,306.54
Gakaguol,1,2.0,3.0,1,183.91
Gihigugma,1,5.0,5.0,1,146.7
Hangak,1,2.0,1.0,1,163.38
Hapsay,2,3.5,4.5,0,
Hilom,1,3.0,5.0,1,191.5
Kaguol,1,3.0,3.0,1,164.36
Kamatuoran,1,3.0,2.0,1,163.62
Kapoy,11,2.3636363636363638,2.272727272727273,7,170.64142857142858
Kapuliki,1,3.0,3.0,1,170.54
Kulba,2,4.0,3.0,1,178.66
Labad,1,1.0,3.0,1,146.89
Libog,2,3.0,4.0,2,147.695
Lingaw,1,4.0,3.0,0,
Lisod,2,3.5,4.0,2,158.60500000000002
Lutang,1,4.0,3.0,1,143.13
Mamatay,1,1.0,3.0,1,182.42
Nahuwasan,1,4.0,4.0,0,
Okay,3,4.333333333333333,3.6666666666666665,1,152.27
Pildi,1,5.0,2.0,1,160.42
Relibo,1,5.0,5.0,1,187.69
Thrilled,1,4.0,3.0,1,141.99
