Feature,Outcome,N,Pearson_r,Pearson_p,Spearman_rho,Spearman_p,Pearson_q_BH,Pearson_FDR_05
audio_rms_mean,arousal_score,40,-0.302659,0.05766,-0.2913,0.068197,0.783682,False
face_mar_mean,arousal_score,40,-0.277924,0.082493,-0.229096,0.155033,0.783682,False
audio_f0_range_hz,arousal_score,28,-0.258937,0.183346,-0.288629,0.13634,0.836139,False
audio_rms_frame_variation_proxy,arousal_score,40,-0.204634,0.205285,-0.193088,0.232577,0.836139,False
face_ear_mean,arousal_score,40,-0.198271,0.220036,-0.157725,0.331044,0.836139,False
audio_spec_rolloff85_mean,arousal_score,40,0.170062,0.294119,0.145895,0.369034,0.837857,False
face_brow_inner_raiser_mean,arousal_score,40,0.142181,0.381478,0.022468,0.890547,0.837857,False
face_smile_mean,arousal_score,40,-0.141611,0.383411,-0.183964,0.255821,0.837857,False
face_pitch_mean_deg,arousal_score,40,0.137681,0.39688,0.134122,0.409315,0.837857,False
face_expressiveness_proxy,arousal_score,40,-0.098973,0.543449,-0.145951,0.368849,0.909516,False
audio_zcr_mean,arousal_score,40,-0.09609,0.55531,-0.102921,0.527404,0.909516,False
audio_f0_mean_hz,arousal_score,28,-0.109211,0.580127,-0.012725,0.948757,0.909516,False
face_frown_mean,arousal_score,40,-0.070653,0.664855,-0.214306,0.184212,0.909516,False
face_brow_lowerer_mean,arousal_score,40,0.069464,0.67017,0.018495,0.909812,0.909516,False
audio_period_variation_proxy,arousal_score,28,0.057247,0.772315,0.128986,0.513012,0.970902,False
face_jaw_open_mean,arousal_score,40,-0.027593,0.865789,-0.074963,0.645718,0.970902,False
face_yaw_mean_deg,arousal_score,40,-0.023456,0.885765,-0.08791,0.589606,0.970902,False
audio_duration_sec,arousal_score,40,-0.006391,0.968779,-0.214357,0.184105,0.970902,False
audio_spec_centroid_mean,arousal_score,40,0.005956,0.970902,-0.030121,0.853619,0.970902,False
audio_rms_mean,valence_score,40,-0.283297,0.076493,-0.280438,0.079643,0.690882,False
audio_f0_range_hz,valence_score,28,-0.310401,0.107923,-0.289104,0.135668,0.690882,False
face_ear_mean,valence_score,40,-0.218843,0.174874,-0.277074,0.083475,0.690882,False
face_brow_inner_raiser_mean,valence_score,40,0.209887,0.193641,0.180881,0.264012,0.690882,False
audio_period_variation_proxy,valence_score,28,0.247367,0.204406,0.350489,0.067467,0.690882,False
audio_f0_mean_hz,valence_score,28,-0.240239,0.218173,-0.315977,0.101413,0.690882,False
audio_spec_rolloff85_mean,valence_score,40,0.164757,0.309659,0.259986,0.105199,0.76055,False
face_mar_mean,valence_score,40,0.161244,0.320232,0.173163,0.285272,0.76055,False
face_jaw_open_mean,valence_score,40,0.083449,0.608694,-0.043606,0.789336,0.916409,False
face_yaw_mean_deg,valence_score,40,0.075872,0.641707,0.039842,0.807162,0.916409,False
audio_rms_frame_variation_proxy,valence_score,40,-0.062635,0.701012,-0.135251,0.405348,0.916409,False
audio_zcr_mean,valence_score,40,-0.05133,0.753103,-0.015435,0.924688,0.916409,False
face_smile_mean,valence_score,40,0.045011,0.782712,0.037527,0.818174,0.916409,False
face_frown_mean,valence_score,40,0.043664,0.789062,0.061291,0.707141,0.916409,False
face_brow_lowerer_mean,valence_score,40,-0.042392,0.795074,-0.103903,0.523453,0.916409,False
audio_spec_centroid_mean,valence_score,40,0.03196,0.844788,0.118947,0.464758,0.916409,False
face_expressiveness_proxy,valence_score,40,0.027474,0.866363,0.042304,0.795492,0.916409,False
audio_duration_sec,valence_score,40,0.02349,0.885602,-0.069094,0.671831,0.916409,False
face_pitch_mean_deg,valence_score,40,0.017137,0.916409,-0.017943,0.912493,0.916409,False
