column,mean,population_std,scope
audio_duration_sec,0.878315,0.20734168364079616,full dataset; descriptive EDA only
audio_trimmed_dur_sec,0.878315,0.20734168364079616,full dataset; descriptive EDA only
audio_trimmed_fraction,1.0,0.0,full dataset; descriptive EDA only
audio_f0_mean_hz,173.5967857142857,49.42870175844709,full dataset; descriptive EDA only
audio_f0_std_hz,20.611071428571428,19.57447141035737,full dataset; descriptive EDA only
audio_f0_min_hz,147.11999999999998,47.322971015293255,full dataset; descriptive EDA only
audio_f0_max_hz,205.03857142857143,74.17657917401681,full dataset; descriptive EDA only
audio_f0_median_hz,169.21964285714284,45.19158372040267,full dataset; descriptive EDA only
audio_f0_range_hz,57.918214285714285,51.183393446198615,full dataset; descriptive EDA only
audio_voiced_ratio,0.48364250000000003,0.359110574814708,full dataset; descriptive EDA only
audio_period_variation_proxy,0.007844285714285715,0.003584787728893371,full dataset; descriptive EDA only
audio_rms_mean,0.0679415,0.030704748700323213,full dataset; descriptive EDA only
audio_rms_std,0.031584999999999995,0.013806805568269584,full dataset; descriptive EDA only
audio_rms_max,0.13981025,0.05548047190171962,full dataset; descriptive EDA only
audio_rms_min,0.0222065,0.015546705044799686,full dataset; descriptive EDA only
audio_rms_frame_variation_proxy,0.11745200000000003,0.033274332239730975,full dataset; descriptive EDA only
audio_zcr_mean,0.1161925,0.020394602318996077,full dataset; descriptive EDA only
audio_zcr_std,0.037584,0.018965518421598708,full dataset; descriptive EDA only
audio_zcr_max,0.22956500000000002,0.07594990612239096,full dataset; descriptive EDA only
audio_spec_centroid_mean,1572.059,156.27935738286104,full dataset; descriptive EDA only
audio_spec_centroid_std,280.98075,132.84492883410152,full dataset; descriptive EDA only
audio_spec_bandwidth_mean,1530.17175,115.90254116902487,full dataset; descriptive EDA only
audio_spec_bandwidth_std,188.9415,72.65079223759366,full dataset; descriptive EDA only
audio_spec_rolloff85_mean,3169.5085,368.2122862938579,full dataset; descriptive EDA only
audio_spec_rolloff85_std,600.6379999999999,242.82520817658119,full dataset; descriptive EDA only
audio_spec_flatness_mean,0.019681225,0.00985577223125489,full dataset; descriptive EDA only
audio_spec_flatness_std,0.022848725,0.0303692484480498,full dataset; descriptive EDA only
audio_spec_contrast_mean,21.4581575,0.9573852628089434,full dataset; descriptive EDA only
audio_spec_contrast_std,13.247885,0.31480240354069733,full dataset; descriptive EDA only
audio_chroma_mean,0.39629749999999997,0.05213940202716175,full dataset; descriptive EDA only
audio_chroma_std,0.2932125,0.014363376822669527,full dataset; descriptive EDA only
audio_mfcc_1_mean,-229.614005,46.42323268939244,full dataset; descriptive EDA only
audio_mfcc_1_std,37.74652,14.871858343431732,full dataset; descriptive EDA only
audio_delta_mfcc_1_mean,-0.2915125,1.5383639397404472,full dataset; descriptive EDA only
audio_delta_mfcc_1_std,6.6188675,2.952359431148882,full dataset; descriptive EDA only
audio_delta2_mfcc_1_mean,-0.632615,0.6506597880421073,full dataset; descriptive EDA only
audio_delta2_mfcc_1_std,3.6226025,1.4508290973590756,full dataset; descriptive EDA only
audio_mfcc_2_mean,103.53722250000001,10.990511808430202,full dataset; descriptive EDA only
audio_mfcc_2_std,17.1502975,5.688948189757378,full dataset; descriptive EDA only
audio_delta_mfcc_2_mean,-0.0627375,0.5606484516555361,full dataset; descriptive EDA only
audio_delta_mfcc_2_std,3.2853825,1.2695324739618716,full dataset; descriptive EDA only
audio_delta2_mfcc_2_mean,-0.027865,0.27017045133581874,full dataset; descriptive EDA only
audio_delta2_mfcc_2_std,1.8137975000000002,0.5830509152241767,full dataset; descriptive EDA only
audio_mfcc_3_mean,-23.770690000000002,12.233417775948796,full dataset; descriptive EDA only
audio_mfcc_3_std,15.595557500000002,5.616084876846481,full dataset; descriptive EDA only
audio_delta_mfcc_3_mean,-0.036385,0.3948797820539816,full dataset; descriptive EDA only
audio_delta_mfcc_3_std,3.0629075,1.1711018169628762,full dataset; descriptive EDA only
audio_delta2_mfcc_3_mean,0.084775,0.2335148975440325,full dataset; descriptive EDA only
audio_delta2_mfcc_3_std,1.7268124999999999,0.6113735851292154,full dataset; descriptive EDA only
audio_mfcc_4_mean,26.237805,10.293091677114072,full dataset; descriptive EDA only
audio_mfcc_4_std,14.1489575,5.389034858204551,full dataset; descriptive EDA only
audio_delta_mfcc_4_mean,0.05091000000000001,0.3580373903658667,full dataset; descriptive EDA only
audio_delta_mfcc_4_std,2.5230675,0.7940346426282358,full dataset; descriptive EDA only
audio_delta2_mfcc_4_mean,-0.021042499999999995,0.19425140139455882,full dataset; descriptive EDA only
audio_delta2_mfcc_4_std,1.434865,0.42374033118762716,full dataset; descriptive EDA only
audio_mfcc_5_mean,-23.687330000000003,7.833024509351416,full dataset; descriptive EDA only
audio_mfcc_5_std,10.31241,3.126934793036145,full dataset; descriptive EDA only
audio_delta_mfcc_5_mean,0.009525000000000002,0.2985743121485839,full dataset; descriptive EDA only
audio_delta_mfcc_5_std,1.9510275,0.6750657116116549,full dataset; descriptive EDA only
audio_delta2_mfcc_5_mean,0.09472500000000002,0.13332122814840852,full dataset; descriptive EDA only
audio_delta2_mfcc_5_std,1.13735,0.35219976007941856,full dataset; descriptive EDA only
audio_mfcc_6_mean,-5.9081275,9.241199095165829,full dataset; descriptive EDA only
audio_mfcc_6_std,8.8909225,2.387399183472205,full dataset; descriptive EDA only
audio_delta_mfcc_6_mean,-0.026554999999999995,0.2663498197390041,full dataset; descriptive EDA only
audio_delta_mfcc_6_std,1.6394325000000003,0.552774621065177,full dataset; descriptive EDA only
audio_delta2_mfcc_6_mean,0.011884999999999998,0.1267860807620458,full dataset; descriptive EDA only
audio_delta2_mfcc_6_std,1.069915,0.3177842920520144,full dataset; descriptive EDA only
audio_mfcc_7_mean,-20.254725,8.011454664907928,full dataset; descriptive EDA only
audio_mfcc_7_std,8.996025,2.382446610708202,full dataset; descriptive EDA only
audio_delta_mfcc_7_mean,0.058345,0.24119995745231798,full dataset; descriptive EDA only
audio_delta_mfcc_7_std,1.6999925,0.5180820959980668,full dataset; descriptive EDA only
audio_delta2_mfcc_7_mean,0.0455775,0.13334394715827935,full dataset; descriptive EDA only
audio_delta2_mfcc_7_std,1.0329275,0.28825934762597033,full dataset; descriptive EDA only
audio_mfcc_8_mean,-4.286295,7.099228377117826,full dataset; descriptive EDA only
audio_mfcc_8_std,8.804860000000001,2.353842476760074,full dataset; descriptive EDA only
audio_delta_mfcc_8_mean,0.059572499999999994,0.30588642008717876,full dataset; descriptive EDA only
audio_delta_mfcc_8_std,1.601035,0.4756449881739531,full dataset; descriptive EDA only
audio_delta2_mfcc_8_mean,0.020642499999999998,0.10273420532495493,full dataset; descriptive EDA only
audio_delta2_mfcc_8_std,1.0128775,0.28160603286106994,full dataset; descriptive EDA only
audio_mfcc_9_mean,-12.703462499999999,4.4036761836951355,full dataset; descriptive EDA only
audio_mfcc_9_std,7.972222500000001,1.4604534038249044,full dataset; descriptive EDA only
audio_delta_mfcc_9_mean,0.0395475,0.18816922568196426,full dataset; descriptive EDA only
audio_delta_mfcc_9_std,1.553605,0.40124077618681775,full dataset; descriptive EDA only
audio_delta2_mfcc_9_mean,0.050627500000000006,0.11029261305160015,full dataset; descriptive EDA only
audio_delta2_mfcc_9_std,1.00369,0.2404700145548297,full dataset; descriptive EDA only
audio_mfcc_10_mean,0.4119975000000001,4.990886129611028,full dataset; descriptive EDA only
audio_mfcc_10_std,8.0605975,1.964648684687354,full dataset; descriptive EDA only
audio_delta_mfcc_10_mean,-0.04388499999999999,0.24271183278736125,full dataset; descriptive EDA only
audio_delta_mfcc_10_std,1.485155,0.39478746304182455,full dataset; descriptive EDA only
audio_delta2_mfcc_10_mean,-0.0067350000000000005,0.1370694414338951,full dataset; descriptive EDA only
audio_delta2_mfcc_10_std,0.962585,0.24016726312093412,full dataset; descriptive EDA only
audio_mfcc_11_mean,-8.774355,4.254509498106098,full dataset; descriptive EDA only
audio_mfcc_11_std,7.114435,1.6774266971391028,full dataset; descriptive EDA only
audio_delta_mfcc_11_mean,-0.07778499999999999,0.2329202047375882,full dataset; descriptive EDA only
audio_delta_mfcc_11_std,1.323045,0.31319634412776914,full dataset; descriptive EDA only
audio_delta2_mfcc_11_mean,0.028252499999999993,0.10442322296189675,full dataset; descriptive EDA only
audio_delta2_mfcc_11_std,0.8514125,0.17459746159022474,full dataset; descriptive EDA only
audio_mfcc_12_mean,-1.7035600000000002,3.8859600446221783,full dataset; descriptive EDA only
audio_mfcc_12_std,6.707465000000001,1.373588164907881,full dataset; descriptive EDA only
audio_delta_mfcc_12_mean,0.0257775,0.16531517094250608,full dataset; descriptive EDA only
audio_delta_mfcc_12_std,1.2598275,0.3983388607627305,full dataset; descriptive EDA only
audio_delta2_mfcc_12_mean,0.0079975,0.09852396025206255,full dataset; descriptive EDA only
audio_delta2_mfcc_12_std,0.8651975000000001,0.20718256138910437,full dataset; descriptive EDA only
audio_mfcc_13_mean,-13.410019999999998,5.296245911832267,full dataset; descriptive EDA only
audio_mfcc_13_std,7.031115,1.478099008109741,full dataset; descriptive EDA only
audio_delta_mfcc_13_mean,-0.008299999999999998,0.20829088554231076,full dataset; descriptive EDA only
audio_delta_mfcc_13_std,1.3299050000000001,0.346844176071907,full dataset; descriptive EDA only
audio_delta2_mfcc_13_mean,0.0339975,0.11784144535667405,full dataset; descriptive EDA only
audio_delta2_mfcc_13_std,0.8943199999999999,0.21025436404507755,full dataset; descriptive EDA only
face__neutral_mean,0.0,0.0,full dataset; descriptive EDA only
face__neutral_std,0.0,0.0,full dataset; descriptive EDA only
face__neutral_max,0.0,0.0,full dataset; descriptive EDA only
face_browDownLeft_mean,0.0683125,0.085826293137651,full dataset; descriptive EDA only
face_browDownLeft_std,0.0298825,0.03394830546212874,full dataset; descriptive EDA only
face_browDownLeft_max,0.12267999999999998,0.13585686254289844,full dataset; descriptive EDA only
face_browDownRight_mean,0.052754999999999996,0.0604378728530381,full dataset; descriptive EDA only
face_browDownRight_std,0.02344,0.02766070136493289,full dataset; descriptive EDA only
face_browDownRight_max,0.0960425,0.10431430124268674,full dataset; descriptive EDA only
face_browInnerUp_mean,0.1024675,0.1147047784259662,full dataset; descriptive EDA only
face_browInnerUp_std,0.06291,0.07165557131165727,full dataset; descriptive EDA only
face_browInnerUp_max,0.2665125,0.23627915183898474,full dataset; descriptive EDA only
face_browOuterUpLeft_mean,0.1477475,0.14105070717210177,full dataset; descriptive EDA only
face_browOuterUpLeft_std,0.055352500000000006,0.043593365249198185,full dataset; descriptive EDA only
face_browOuterUpLeft_max,0.2835725,0.1971844669180359,full dataset; descriptive EDA only
face_browOuterUpRight_mean,0.11214249999999999,0.11136408731610924,full dataset; descriptive EDA only
face_browOuterUpRight_std,0.04775,0.0485470802417612,full dataset; descriptive EDA only
face_browOuterUpRight_max,0.237075,0.20799023624920474,full dataset; descriptive EDA only
face_cheekPuff_mean,0.00016749999999999998,0.00016790994610206984,full dataset; descriptive EDA only
face_cheekPuff_std,0.000125,0.00011346805717910216,full dataset; descriptive EDA only
face_cheekPuff_max,0.00042500000000000003,0.0003582945715469326,full dataset; descriptive EDA only
face_cheekSquintLeft_mean,0.0,0.0,full dataset; descriptive EDA only
face_cheekSquintLeft_std,0.0,0.0,full dataset; descriptive EDA only
face_cheekSquintLeft_max,0.0,0.0,full dataset; descriptive EDA only
face_cheekSquintRight_mean,0.0,0.0,full dataset; descriptive EDA only
face_cheekSquintRight_std,0.0,0.0,full dataset; descriptive EDA only
face_cheekSquintRight_max,0.0,0.0,full dataset; descriptive EDA only
face_eyeBlinkLeft_mean,0.24518999999999996,0.07804198805771159,full dataset; descriptive EDA only
face_eyeBlinkLeft_std,0.060515000000000006,0.0475202932966538,full dataset; descriptive EDA only
face_eyeBlinkLeft_max,0.38467,0.18262215391348335,full dataset; descriptive EDA only
face_eyeBlinkRight_mean,0.20410999999999996,0.0789344848592806,full dataset; descriptive EDA only
face_eyeBlinkRight_std,0.05906750000000001,0.044495721072368294,full dataset; descriptive EDA only
face_eyeBlinkRight_max,0.3361575,0.17925306536779223,full dataset; descriptive EDA only
face_eyeLookDownLeft_mean,0.352725,0.15161312072178978,full dataset; descriptive EDA only
face_eyeLookDownLeft_std,0.0778875,0.04478483664980816,full dataset; descriptive EDA only
face_eyeLookDownLeft_max,0.49875500000000006,0.19308746068815552,full dataset; descriptive EDA only
face_eyeLookDownRight_mean,0.345285,0.14260061281425127,full dataset; descriptive EDA only
face_eyeLookDownRight_std,0.07611749999999999,0.043065739791045034,full dataset; descriptive EDA only
face_eyeLookDownRight_max,0.48927,0.19137960993794506,full dataset; descriptive EDA only
face_eyeLookInLeft_mean,0.1351925,0.1543708965244097,full dataset; descriptive EDA only
face_eyeLookInLeft_std,0.08009999999999999,0.08178306059325488,full dataset; descriptive EDA only
face_eyeLookInLeft_max,0.282615,0.24361214004026976,full dataset; descriptive EDA only
face_eyeLookInRight_mean,0.11166499999999999,0.08287265094710075,full dataset; descriptive EDA only
face_eyeLookInRight_std,0.06565,0.06734869338005008,full dataset; descriptive EDA only
face_eyeLookInRight_max,0.23548999999999998,0.18676336873166535,full dataset; descriptive EDA only
face_eyeLookOutLeft_mean,0.11854749999999999,0.08391646139912003,full dataset; descriptive EDA only
face_eyeLookOutLeft_std,0.065195,0.06745536283350642,full dataset; descriptive EDA only
face_eyeLookOutLeft_max,0.2416125,0.18671953591884807,full dataset; descriptive EDA only
face_eyeLookOutRight_mean,0.1385575,0.15123227315540158,full dataset; descriptive EDA only
face_eyeLookOutRight_std,0.07930000000000001,0.07919257225270562,full dataset; descriptive EDA only
face_eyeLookOutRight_max,0.2850625,0.2361498609860908,full dataset; descriptive EDA only
face_eyeLookUpLeft_mean,0.044445,0.04426540946382401,full dataset; descriptive EDA only
face_eyeLookUpLeft_std,0.018207499999999998,0.023712300473593868,full dataset; descriptive EDA only
face_eyeLookUpLeft_max,0.08900250000000001,0.0914976488427435,full dataset; descriptive EDA only
face_eyeLookUpRight_mean,0.039125,0.04077731446527591,full dataset; descriptive EDA only
face_eyeLookUpRight_std,0.01771,0.023290135250788047,full dataset; descriptive EDA only
face_eyeLookUpRight_max,0.0828725,0.08671758468586403,full dataset; descriptive EDA only
face_eyeSquintLeft_mean,0.39986000000000005,0.12565186190423125,full dataset; descriptive EDA only
face_eyeSquintLeft_std,0.056069999999999995,0.027499656361489322,full dataset; descriptive EDA only
face_eyeSquintLeft_max,0.51607,0.15268231429998697,full dataset; descriptive EDA only
face_eyeSquintRight_mean,0.36739249999999996,0.12463555950750974,full dataset; descriptive EDA only
face_eyeSquintRight_std,0.05428500000000001,0.028003897496598575,full dataset; descriptive EDA only
face_eyeSquintRight_max,0.4770175,0.14803046626877187,full dataset; descriptive EDA only
face_eyeWideLeft_mean,0.00438,0.002178439808670416,full dataset; descriptive EDA only
face_eyeWideLeft_std,0.0012025,0.0007737853384498831,full dataset; descriptive EDA only
face_eyeWideLeft_max,0.007005,0.003462293315130883,full dataset; descriptive EDA only
face_eyeWideRight_mean,0.0048125,0.00796715719375487,full dataset; descriptive EDA only
face_eyeWideRight_std,0.002135,0.0042197482152374925,full dataset; descriptive EDA only
face_eyeWideRight_max,0.010164999999999999,0.018198056901768386,full dataset; descriptive EDA only
face_jawForward_mean,0.0008425,0.000826706568257444,full dataset; descriptive EDA only
face_jawForward_std,0.0005924999999999999,0.00043668495508776117,full dataset; descriptive EDA only
face_jawForward_max,0.0019450000000000001,0.0013382731410291398,full dataset; descriptive EDA only
face_jawLeft_mean,0.0028324999999999995,0.0035826238638740743,full dataset; descriptive EDA only
face_jawLeft_std,0.0021349999999999997,0.0025651072102350807,full dataset; descriptive EDA only
face_jawLeft_max,0.00847,0.010351623061143601,full dataset; descriptive EDA only
face_jawOpen_mean,0.06018250000000001,0.06998509086762694,full dataset; descriptive EDA only
face_jawOpen_std,0.05406,0.0519057501631563,full dataset; descriptive EDA only
face_jawOpen_max,0.1886825,0.17833073751810147,full dataset; descriptive EDA only
face_jawRight_mean,0.00078,0.0027147928097738874,full dataset; descriptive EDA only
face_jawRight_std,0.0009025,0.0028738900031142463,full dataset; descriptive EDA only
face_jawRight_max,0.003315,0.009062161717824285,full dataset; descriptive EDA only
face_mouthClose_mean,0.004710000000000001,0.008893334582708558,full dataset; descriptive EDA only
face_mouthClose_std,0.0034775,0.0062882226224903965,full dataset; descriptive EDA only
face_mouthClose_max,0.0143175,0.025109210337045648,full dataset; descriptive EDA only
face_mouthDimpleLeft_mean,0.0286775,0.03864465349501792,full dataset; descriptive EDA only
face_mouthDimpleLeft_std,0.0240125,0.03494075834537654,full dataset; descriptive EDA only
face_mouthDimpleLeft_max,0.0900675,0.1220501851442676,full dataset; descriptive EDA only
face_mouthDimpleRight_mean,0.01585,0.021222853248326436,full dataset; descriptive EDA only
face_mouthDimpleRight_std,0.012949999999999998,0.021373090557989034,full dataset; descriptive EDA only
face_mouthDimpleRight_max,0.05108,0.07785910094523311,full dataset; descriptive EDA only
face_mouthFrownLeft_mean,0.0022649999999999997,0.005219604870102717,full dataset; descriptive EDA only
face_mouthFrownLeft_std,0.0037274999999999995,0.011238393735316448,full dataset; descriptive EDA only
face_mouthFrownLeft_max,0.0169125,0.05331150995563716,full dataset; descriptive EDA only
face_mouthFrownRight_mean,0.001995,0.003615103732951518,full dataset; descriptive EDA only
face_mouthFrownRight_std,0.0031125,0.007214956254198635,full dataset; descriptive EDA only
face_mouthFrownRight_max,0.01401,0.033895086664589014,full dataset; descriptive EDA only
face_mouthFunnel_mean,0.038785,0.04130041494948931,full dataset; descriptive EDA only
face_mouthFunnel_std,0.031882499999999994,0.03424797722129002,full dataset; descriptive EDA only
face_mouthFunnel_max,0.11256999999999999,0.10918824616230448,full dataset; descriptive EDA only
face_mouthLeft_mean,0.002875,0.0037497833270737128,full dataset; descriptive EDA only
face_mouthLeft_std,0.0021625,0.0026468554456184424,full dataset; descriptive EDA only
face_mouthLeft_max,0.0084,0.009826800089551023,full dataset; descriptive EDA only
face_mouthLowerDownLeft_mean,0.0655375,0.07453176063766373,full dataset; descriptive EDA only
face_mouthLowerDownLeft_std,0.06414,0.05191630668682047,full dataset; descriptive EDA only
face_mouthLowerDownLeft_max,0.21458499999999997,0.1676754313398358,full dataset; descriptive EDA only
face_mouthLowerDownRight_mean,0.08971500000000002,0.10154225364349562,full dataset; descriptive EDA only
face_mouthLowerDownRight_std,0.08714250000000001,0.06510051415887588,full dataset; descriptive EDA only
face_mouthLowerDownRight_max,0.28809500000000005,0.19813618542558045,full dataset; descriptive EDA only
face_mouthPressLeft_mean,0.048125,0.040320867736198335,full dataset; descriptive EDA only
face_mouthPressLeft_std,0.029369999999999997,0.02703253780169372,full dataset; descriptive EDA only
face_mouthPressLeft_max,0.12256249999999999,0.1032400665621153,full dataset; descriptive EDA only
face_mouthPressRight_mean,0.04394,0.03610131438050421,full dataset; descriptive EDA only
face_mouthPressRight_std,0.027797499999999996,0.03028211095267303,full dataset; descriptive EDA only
face_mouthPressRight_max,0.11499000000000001,0.12179696999515217,full dataset; descriptive EDA only
face_mouthPucker_mean,0.10613000000000002,0.1046271766798665,full dataset; descriptive EDA only
face_mouthPucker_std,0.10170750000000002,0.10391642889240373,full dataset; descriptive EDA only
face_mouthPucker_max,0.3506325,0.3091350614112705,full dataset; descriptive EDA only
face_mouthRight_mean,0.0020925,0.0030400154193687898,full dataset; descriptive EDA only
face_mouthRight_std,0.00182,0.0027181059581995693,full dataset; descriptive EDA only
face_mouthRight_max,0.0071675,0.010610499222468282,full dataset; descriptive EDA only
face_mouthRollLower_mean,0.009744999999999998,0.014570362898706399,full dataset; descriptive EDA only
face_mouthRollLower_std,0.014287499999999998,0.03401912835082639,full dataset; descriptive EDA only
face_mouthRollLower_max,0.0596475,0.13413728412991668,full dataset; descriptive EDA only
face_mouthRollUpper_mean,0.0130775,0.021845394108369845,full dataset; descriptive EDA only
face_mouthRollUpper_std,0.01223,0.023898757289867605,full dataset; descriptive EDA only
face_mouthRollUpper_max,0.04909,0.09943565959956217,full dataset; descriptive EDA only
face_mouthShrugLower_mean,0.028622499999999995,0.05771884218996427,full dataset; descriptive EDA only
face_mouthShrugLower_std,0.043545,0.07364591960862461,full dataset; descriptive EDA only
face_mouthShrugLower_max,0.159105,0.2462227365110704,full dataset; descriptive EDA only
face_mouthShrugUpper_mean,0.026797499999999995,0.025673074294871662,full dataset; descriptive EDA only
face_mouthShrugUpper_std,0.015635,0.01712551532071371,full dataset; descriptive EDA only
face_mouthShrugUpper_max,0.066805,0.07040434272827209,full dataset; descriptive EDA only
face_mouthSmileLeft_mean,0.2502025,0.2411136604254309,full dataset; descriptive EDA only
face_mouthSmileLeft_std,0.1371775,0.10278198404268132,full dataset; descriptive EDA only
face_mouthSmileLeft_max,0.47359249999999997,0.31509767960705454,full dataset; descriptive EDA only
face_mouthSmileRight_mean,0.23888499999999996,0.23741916366418275,full dataset; descriptive EDA only
face_mouthSmileRight_std,0.1293875,0.0996636498115035,full dataset; descriptive EDA only
face_mouthSmileRight_max,0.4488625,0.31338365838656934,full dataset; descriptive EDA only
face_mouthStretchLeft_mean,0.022285000000000006,0.04806760629571646,full dataset; descriptive EDA only
face_mouthStretchLeft_std,0.018245,0.03659884526866934,full dataset; descriptive EDA only
face_mouthStretchLeft_max,0.060195,0.10402303338684178,full dataset; descriptive EDA only
face_mouthStretchRight_mean,0.032299999999999995,0.04695853490048428,full dataset; descriptive EDA only
face_mouthStretchRight_std,0.0236675,0.03154387727832455,full dataset; descriptive EDA only
face_mouthStretchRight_max,0.08373249999999999,0.10334972517500954,full dataset; descriptive EDA only
face_mouthUpperUpLeft_mean,0.19841250000000002,0.1809375405872148,full dataset; descriptive EDA only
face_mouthUpperUpLeft_std,0.15594999999999998,0.11695487805132372,full dataset; descriptive EDA only
face_mouthUpperUpLeft_max,0.444475,0.3225171784184526,full dataset; descriptive EDA only
face_mouthUpperUpRight_mean,0.21344249999999998,0.1922811585770951,full dataset; descriptive EDA only
face_mouthUpperUpRight_std,0.1637375,0.12146455385728794,full dataset; descriptive EDA only
face_mouthUpperUpRight_max,0.4665800000000001,0.33444028031922235,full dataset; descriptive EDA only
face_noseSneerLeft_mean,0.0,0.0,full dataset; descriptive EDA only
face_noseSneerLeft_std,0.0,0.0,full dataset; descriptive EDA only
face_noseSneerLeft_max,0.0,0.0,full dataset; descriptive EDA only
face_noseSneerRight_mean,0.0,0.0,full dataset; descriptive EDA only
face_noseSneerRight_std,0.0,0.0,full dataset; descriptive EDA only
face_noseSneerRight_max,0.0,0.0,full dataset; descriptive EDA only
face_smile_mean,0.2445525,0.23872475467313814,full dataset; descriptive EDA only
face_smile_std,0.13267,0.10037952779327068,full dataset; descriptive EDA only
face_smile_max,0.46003249999999996,0.3118007788536616,full dataset; descriptive EDA only
face_frown_mean,0.0021374999999999996,0.0043818196847885005,full dataset; descriptive EDA only
face_frown_std,0.0034174999999999995,0.009157835101703897,full dataset; descriptive EDA only
face_frown_max,0.015465000000000001,0.043195489058465354,full dataset; descriptive EDA only
face_brow_lowerer_mean,0.0605375,0.07193635620289647,full dataset; descriptive EDA only
face_brow_lowerer_std,0.026122500000000003,0.030182209060140047,full dataset; descriptive EDA only
face_brow_lowerer_max,0.10833499999999999,0.11852238090335514,full dataset; descriptive EDA only
face_brow_inner_raiser_mean,0.1024675,0.1147047784259662,full dataset; descriptive EDA only
face_brow_inner_raiser_std,0.06291,0.07165557131165727,full dataset; descriptive EDA only
face_brow_inner_raiser_max,0.2665125,0.23627915183898474,full dataset; descriptive EDA only
face_jaw_open_mean,0.06018250000000001,0.06998509086762694,full dataset; descriptive EDA only
face_jaw_open_std,0.05406,0.0519057501631563,full dataset; descriptive EDA only
face_jaw_open_max,0.1886825,0.17833073751810147,full dataset; descriptive EDA only
face_eye_squint_mean,0.38363,0.11852774190036695,full dataset; descriptive EDA only
face_disgust_proxy_mean,0.1029625,0.0926672587473591,full dataset; descriptive EDA only
face_expressiveness_proxy,0.04034,0.01211595642118277,full dataset; descriptive EDA only
face_ear_mean,0.32762,0.030353263415982143,full dataset; descriptive EDA only
face_ear_std,0.01919,0.014041328284745714,full dataset; descriptive EDA only
face_ear_min,0.28724999999999995,0.05447733014750264,full dataset; descriptive EDA only
face_mar_mean,0.1651675,0.06330482362150612,full dataset; descriptive EDA only
face_mar_std,0.0870425,0.027093153078776196,full dataset; descriptive EDA only
face_mar_max,0.3195075,0.09010484556198961,full dataset; descriptive EDA only
face_pitch_mean_deg,-2.9339999999999997,5.59180239278893,full dataset; descriptive EDA only
face_pitch_std_deg,2.18125,1.1888212386645858,full dataset; descriptive EDA only
face_yaw_mean_deg,-2.1542499999999998,6.244892267885812,full dataset; descriptive EDA only
face_yaw_std_deg,2.02975,2.179768895433642,full dataset; descriptive EDA only
face_roll_mean_deg,0.6387499999999999,4.136891458269119,full dataset; descriptive EDA only
face_roll_std_deg,1.4692500000000002,1.3560519671089306,full dataset; descriptive EDA only
