Audio_Feature,Facial_Feature,Pearson_r,Pearson_p,Spearman_rho,Spearman_p,Significant_p05
audio_f0_range_hz,face_brow_inner_raiser_mean,0.3681,0.01943,0.2249,0.16292,Yes
audio_zcr_mean,face_pitch_mean_deg,-0.361,0.02209,-0.2991,0.06085,Yes
audio_shimmer_local,face_brow_lowerer_mean,0.3296,0.03781,0.117,0.47217,Yes
audio_f0_mean_hz,face_yaw_mean_deg,0.3224,0.04246,0.3231,0.04198,Yes
audio_rms_mean,face_pitch_mean_deg,-0.3095,0.05196,-0.3266,0.03967,Yes
audio_shimmer_local,face_mar_mean,0.2784,0.08192,0.3105,0.05117,No
audio_spec_centroid_mean,face_mar_mean,0.271,0.09077,0.2163,0.18002,No
audio_spec_centroid_mean,face_yaw_mean_deg,-0.2698,0.09224,-0.2568,0.10962,No
audio_zcr_mean,face_yaw_mean_deg,-0.2675,0.09519,-0.2214,0.16979,No
audio_rms_mean,face_brow_lowerer_mean,-0.2669,0.09598,-0.1978,0.22121,No
audio_shimmer_local,face_yaw_mean_deg,0.2636,0.10023,0.2184,0.1758,No
audio_zcr_mean,face_mar_mean,0.2414,0.13347,0.1735,0.28419,No
audio_f0_mean_hz,face_brow_inner_raiser_mean,0.2387,0.13796,0.238,0.13919,No
audio_spec_rolloff85_mean,face_mar_mean,0.2276,0.15783,0.1583,0.32911,No
audio_zcr_mean,face_ear_mean,0.2171,0.17852,0.1627,0.31591,No
audio_spec_centroid_mean,face_expressiveness_score,0.2118,0.18944,0.1529,0.34616,No
audio_rms_mean,face_brow_inner_raiser_mean,0.2061,0.20208,0.327,0.03943,Yes
audio_duration_sec,face_jaw_open_mean,-0.2053,0.20385,-0.0578,0.72302,No
audio_zcr_mean,face_expressiveness_score,0.2048,0.20484,0.1247,0.44334,No
audio_jitter_local,face_brow_inner_raiser_mean,0.2009,0.21394,0.1003,0.53819,No
audio_f0_range_hz,face_mar_mean,-0.183,0.25824,0.0746,0.6474,No
audio_zcr_mean,face_brow_lowerer_mean,-0.1819,0.26129,-0.0029,0.98579,No
audio_jitter_local,face_yaw_mean_deg,0.1815,0.26236,0.2498,0.12003,No
audio_f0_range_hz,face_yaw_mean_deg,0.1809,0.26387,0.2856,0.07399,No
audio_duration_sec,face_smile_mean,0.1801,0.26621,0.0998,0.5399,No
audio_spec_centroid_mean,face_pitch_mean_deg,-0.1775,0.27332,-0.1655,0.30752,No
audio_spec_rolloff85_mean,face_yaw_mean_deg,-0.1768,0.27505,-0.0985,0.54539,No
audio_shimmer_local,face_frown_mean,0.1678,0.30072,0.1282,0.43058,No
audio_f0_mean_hz,face_frown_mean,0.1669,0.30325,0.1826,0.25948,No
audio_f0_range_hz,face_jaw_open_mean,-0.1643,0.31093,-0.0978,0.54818,No
audio_rms_mean,face_ear_mean,0.158,0.33014,0.1236,0.44718,No
audio_duration_sec,face_yaw_mean_deg,0.1568,0.33387,0.13,0.42382,No
audio_spec_rolloff85_mean,face_expressiveness_score,0.148,0.36199,0.0356,0.82757,No
audio_shimmer_local,face_jaw_open_mean,0.1398,0.38958,0.225,0.16282,No
audio_rms_mean,face_expressiveness_score,0.1389,0.39262,0.1011,0.53463,No
audio_zcr_mean,face_frown_mean,0.1389,0.39279,0.1236,0.4475,No
audio_f0_mean_hz,face_jaw_open_mean,0.1349,0.40662,-0.0144,0.92949,No
audio_spec_centroid_mean,face_frown_mean,0.1278,0.43181,0.2171,0.17847,No
audio_jitter_local,face_ear_mean,-0.125,0.442,-0.1421,0.38159,No
audio_jitter_local,face_frown_mean,0.1192,0.46398,0.2365,0.14178,No
audio_spec_centroid_mean,face_ear_mean,0.1154,0.4783,0.0359,0.82579,No
audio_rms_mean,face_smile_mean,-0.1116,0.49306,-0.1184,0.46688,No
audio_f0_mean_hz,face_mar_mean,0.1111,0.49482,0.0966,0.55302,No
audio_duration_sec,face_pitch_mean_deg,-0.1092,0.50254,-0.1619,0.31838,No
audio_jitter_local,face_pitch_mean_deg,0.109,0.50326,0.0908,0.57742,No
audio_f0_range_hz,face_brow_lowerer_mean,-0.1089,0.50356,-0.2483,0.1224,No
audio_rms_mean,face_mar_mean,-0.1045,0.52111,0.0045,0.978,No
audio_shimmer_local,face_brow_inner_raiser_mean,-0.1017,0.53253,-0.1615,0.31934,No
audio_shimmer_local,face_pitch_mean_deg,0.1002,0.53855,0.0133,0.93498,No
audio_jitter_local,face_jaw_open_mean,-0.0979,0.54795,-0.1136,0.48505,No
audio_shimmer_local,face_ear_mean,-0.0969,0.55196,-0.072,0.65905,No
audio_jitter_local,face_mar_mean,-0.0968,0.5523,0.0599,0.71331,No
audio_f0_range_hz,face_pitch_mean_deg,-0.0909,0.57678,0.0467,0.77494,No
audio_f0_mean_hz,face_pitch_mean_deg,0.0906,0.57834,0.0715,0.66127,No
audio_jitter_local,face_expressiveness_score,-0.0895,0.58278,0.0633,0.69814,No
audio_f0_range_hz,face_frown_mean,0.0881,0.589,0.1978,0.22123,No
audio_spec_centroid_mean,face_brow_lowerer_mean,-0.088,0.58902,-0.063,0.69956,No
audio_jitter_local,face_smile_mean,0.0795,0.62593,0.0859,0.59813,No
audio_f0_mean_hz,face_ear_mean,-0.0772,0.63573,0.0007,0.99666,No
audio_rms_mean,face_jaw_open_mean,-0.0763,0.63975,-0.1564,0.33522,No
audio_duration_sec,face_ear_mean,-0.0754,0.6436,-0.039,0.81113,No
audio_spec_centroid_mean,face_brow_inner_raiser_mean,0.0706,0.66516,0.1835,0.25707,No
audio_duration_sec,face_expressiveness_score,0.0673,0.67999,0.0776,0.63394,No
audio_spec_rolloff85_mean,face_smile_mean,0.0672,0.6802,-0.0452,0.78175,No
audio_duration_sec,face_frown_mean,0.0667,0.68249,0.1909,0.23796,No
audio_spec_centroid_mean,face_smile_mean,0.0636,0.69647,0.0109,0.94687,No
audio_spec_rolloff85_mean,face_pitch_mean_deg,0.0612,0.70753,0.1079,0.50759,No
audio_jitter_local,face_brow_lowerer_mean,0.059,0.71753,-0.138,0.39574,No
audio_f0_range_hz,face_expressiveness_score,-0.0566,0.7288,0.014,0.93186,No
audio_f0_mean_hz,face_expressiveness_score,-0.0552,0.73532,-0.0712,0.66254,No
audio_shimmer_local,face_expressiveness_score,0.0492,0.76288,0.0877,0.59042,No
audio_spec_rolloff85_mean,face_ear_mean,-0.047,0.77339,-0.1459,0.36909,No
audio_spec_rolloff85_mean,face_brow_inner_raiser_mean,0.0446,0.78488,-0.0006,0.99725,No
audio_f0_mean_hz,face_smile_mean,0.0418,0.79799,-0.0572,0.72588,No
audio_f0_range_hz,face_ear_mean,-0.0415,0.79951,-0.0472,0.77218,No
audio_f0_range_hz,face_smile_mean,-0.0365,0.82306,0.0258,0.87457,No
audio_duration_sec,face_mar_mean,0.0352,0.82921,-0.0726,0.65598,No
audio_duration_sec,face_brow_inner_raiser_mean,-0.0326,0.8419,0.1275,0.43301,No
audio_shimmer_local,face_smile_mean,0.0287,0.86057,0.0293,0.85772,No
audio_rms_mean,face_frown_mean,0.0281,0.86355,0.0453,0.78136,No
audio_zcr_mean,face_brow_inner_raiser_mean,0.026,0.87354,0.1602,0.32334,No
audio_rms_mean,face_yaw_mean_deg,0.014,0.93154,-0.0141,0.93133,No
audio_spec_rolloff85_mean,face_jaw_open_mean,-0.0102,0.9503,0.2596,0.10576,No
audio_zcr_mean,face_smile_mean,0.0095,0.9534,0.0565,0.72926,No
audio_spec_rolloff85_mean,face_frown_mean,0.0059,0.97094,0.0849,0.60266,No
audio_f0_mean_hz,face_brow_lowerer_mean,-0.0051,0.97533,-0.3079,0.05323,No
audio_duration_sec,face_brow_lowerer_mean,-0.0046,0.9777,-0.0195,0.90502,No
audio_spec_rolloff85_mean,face_brow_lowerer_mean,0.0026,0.98735,-0.0114,0.94457,No
audio_spec_centroid_mean,face_jaw_open_mean,-0.0016,0.99226,0.1178,0.469,No
audio_zcr_mean,face_jaw_open_mean,-0.0014,0.9933,0.0038,0.98121,No
