Feature,Valence_Pearson_r,Valence_p,Arousal_Pearson_r,Arousal_p,Valence_Sig,Arousal_Sig
audio_f0_mean_hz,0.0939,0.5643,-0.1032,0.52617,No,No
audio_f0_range_hz,-0.0359,0.82602,-0.0217,0.89443,No,No
audio_rms_mean,-0.2833,0.07649,-0.3027,0.05766,No,No
audio_zcr_mean,-0.0513,0.7531,-0.0961,0.55531,No,No
audio_spec_centroid_mean,0.032,0.84479,0.006,0.9709,No,No
audio_spec_rolloff85_mean,0.1648,0.30966,0.1701,0.29412,No,No
audio_duration_sec,0.0235,0.8856,-0.0064,0.96878,No,No
audio_jitter_local,0.0501,0.75877,0.062,0.70398,No,No
audio_shimmer_local,-0.0626,0.70101,-0.2046,0.20529,No,No
face_smile_mean,0.0596,0.71485,-0.1427,0.3798,No,No
face_frown_mean,0.0103,0.9497,-0.0854,0.60013,No,No
face_brow_lowerer_mean,0.0593,0.71641,0.0548,0.73678,No,No
face_brow_inner_raiser_mean,0.2267,0.1595,0.0749,0.64595,No,No
face_jaw_open_mean,0.1071,0.51074,0.0146,0.92873,No,No
face_ear_mean,-0.1717,0.28948,-0.1428,0.37937,No,No
face_mar_mean,0.1766,0.27571,-0.289,0.07053,No,No
face_expressiveness_score,0.0284,0.86212,-0.1388,0.39305,No,No
face_pitch_mean_deg,0.0048,0.97651,0.1459,0.36895,No,No
face_yaw_mean_deg,0.081,0.6194,-0.014,0.93173,No,No
