participant_code,session,class_activity,self_reported_feeling,valence_score,arousal_score,audio_duration_sec,audio_f0_mean_hz,audio_rms_mean,audio_spec_centroid_mean,face_smile_mean,face_frown_mean,face_brow_lowerer_mean,face_ear_mean,face_mar_mean,multimodal_expressiveness_index
Y4-030,AM,Quiz,Kapoy,2,2,0.8824,231.11,0.04083,1515.74,0.1882,0.0,0.006,0.5228,0.3354,0.2703
Y4-037,AM,Quiz,Tired,1,1,1.0217,181.1,0.10202,1374.81,0.0019,0.0063,0.0081,0.4465,0.1404,0.6222
Y4-034,AM,Quiz,Kapoy,3,3,0.8359,178.02,0.08475,1652.39,0.3937,0.0159,0.0407,0.4409,0.367,0.6298
Y4-011,AM,Prelim Exam,Kapoy,3,2,1.0449,156.05,0.07889,1555.13,0.4594,0.0003,0.0397,0.4196,0.4236,0.5204
Y4-013,AM,Prelim Exam,Kapoy,3,2,1.2771,0.0,0.05473,1611.17,0.349,0.0065,0.0067,0.4368,0.2705,0.5396
Y4-015,AM,Prelim Exam,Kulba,5,5,0.9056,0.0,0.04569,1713.26,0.1606,0.0023,0.0015,0.4753,0.2521,0.5547
Y4-023,AM,Quiz,Kapoy,3,2,0.8359,0.0,0.05488,1798.18,0.0567,0.0015,0.0331,0.4195,0.2914,0.362
Y4-028,AM,Quiz,Kapoy,1,2,0.8127,0.0,0.11739,1346.32,0.2584,0.0,0.0133,0.4843,0.3351,0.6703
Y4-027,AM,Quiz,Kapoy,2,3,0.6734,0.0,0.12357,1542.37,0.2467,0.0002,0.0225,0.5924,0.3347,0.8696
Y4-025,AM,Quiz,Kapoy,2,2,0.8127,0.0,0.06956,1657.15,0.0739,0.0003,0.0098,0.4537,0.3374,0.4678
Y4-036,AM,Quiz,Kapoy,1,1,0.8824,0.0,0.11504,1777.4,0.447,0.0017,0.0683,0.4335,0.3034,0.857
