Feature,Mean,Std,Median,IQR,Min,Max,Skewness,Kurtosis
face_smile_mean,0.2391,0.2371,0.1744,0.3507,0.0005,0.7721,0.8355,-0.5548
face_smile_max,0.4511,0.3041,0.4873,0.5263,0.003,0.9367,-0.1196,-1.3583
face_frown_mean,0.0019,0.003,0.0009,0.0018,0.0,0.0159,3.0239,10.7832
face_frown_max,0.0128,0.0232,0.0037,0.0105,0.0,0.1146,2.8632,8.6849
face_brow_lowerer_mean,0.0376,0.0634,0.0162,0.0366,0.0003,0.3668,3.7701,16.4232
face_brow_lowerer_max,0.0739,0.1097,0.0406,0.0805,0.0006,0.5333,2.9292,8.8232
face_brow_inner_raiser_mean,0.1694,0.1731,0.0951,0.2365,0.0048,0.6075,1.0878,0.0201
face_jaw_open_mean,0.0576,0.067,0.0328,0.0549,0.0029,0.2962,1.8126,2.9704
face_jaw_open_max,0.1843,0.1706,0.1031,0.2563,0.0112,0.5714,0.8216,-0.5928
face_eye_squint_mean,0.4299,0.1279,0.4284,0.1826,0.1215,0.6869,-0.0414,-0.4274
face_disgust_mean,0.0942,0.0896,0.0761,0.1396,0.0,0.3487,0.8956,0.2395
face_expressiveness_score,0.0399,0.0119,0.0398,0.0175,0.0125,0.0644,0.0614,-0.366
face_ear_mean,0.4565,0.0625,0.4475,0.0696,0.3349,0.5924,0.4434,-0.2584
face_ear_min,0.3818,0.1056,0.388,0.1411,0.1923,0.559,-0.3041,-0.8426
face_mar_mean,0.2964,0.1152,0.2974,0.1047,0.0525,0.6013,0.3043,0.595
face_mar_max,0.5722,0.1597,0.5578,0.1908,0.3054,1.0276,0.7251,0.7083
face_pitch_mean_deg,-3.019,5.6616,-2.73,8.4275,-12.99,9.24,0.1928,-0.6961
face_yaw_mean_deg,-2.1502,6.6419,-1.315,10.405,-15.07,9.48,-0.3617,-0.8883
face_roll_mean_deg,0.544,4.086,0.5,4.87,-11.42,10.38,-0.2227,0.777
face_detection_rate,1.0,0.0,1.0,0.0,1.0,1.0,0.0,0.0
