Feature,N,Missing,Mean,Std,Median,IQR,Min,Max,Skewness,Kurtosis
audio_duration_sec,40,0,0.8783,0.21,0.8359,0.2495,0.4412,1.5557,1.0218,1.5969
audio_trimmed_dur_sec,40,0,0.8783,0.21,0.8359,0.2495,0.4412,1.5557,1.0218,1.5969
audio_f0_mean_hz,28,12,173.5968,50.3357,167.45,32.655,52.16,306.54,0.8534,2.1794
audio_f0_std_hz,28,12,20.6111,19.9337,16.335,23.4025,0.86,94.34,1.9665,4.815
audio_f0_range_hz,28,12,57.9182,52.1226,48.82,60.57,1.81,257.06,2.0266,5.5951
audio_voiced_ratio,40,0,0.4836,0.3637,0.697,0.7787,0.0,1.0,-0.3694,-1.5714
audio_period_variation_proxy,28,12,0.0078,0.0037,0.0072,0.0037,0.0023,0.0179,1.1826,1.3564
audio_rms_mean,40,0,0.0679,0.0311,0.0601,0.0395,0.0216,0.1409,0.585,-0.51
audio_rms_std,40,0,0.0316,0.014,0.0305,0.0215,0.0122,0.0635,0.4117,-0.6868
audio_rms_frame_variation_proxy,40,0,0.1175,0.0337,0.1137,0.0505,0.0665,0.2063,0.5386,-0.2565
audio_zcr_mean,40,0,0.1162,0.0207,0.1171,0.0219,0.076,0.1616,0.2138,-0.3528
audio_spec_centroid_mean,40,0,1572.059,158.2703,1571.245,168.4575,1108.57,1884.01,-0.4907,0.6485
audio_spec_bandwidth_mean,40,0,1530.1717,117.3791,1540.97,173.46,1177.51,1734.2,-0.7037,0.524
audio_spec_rolloff85_mean,40,0,3169.5085,372.9031,3169.425,443.98,1937.5,3792.49,-0.8568,1.6119
audio_spec_flatness_mean,40,0,0.0197,0.01,0.0184,0.013,0.004,0.0432,0.5763,-0.1892
audio_spec_contrast_mean,40,0,21.4582,0.9696,21.2354,1.4682,20.0645,23.6903,0.5572,-0.772
audio_chroma_mean,40,0,0.3963,0.0528,0.389,0.0799,0.2994,0.5144,0.3297,-0.6399
audio_mfcc_1_mean,40,0,-229.614,47.0146,-222.4691,42.3664,-334.0291,-154.2504,-0.9137,0.2365
audio_mfcc_2_mean,40,0,103.5372,11.1305,102.4662,14.4878,88.1206,143.154,1.1926,2.36
audio_mfcc_3_mean,40,0,-23.7707,12.3893,-26.0382,19.4751,-45.645,5.7384,0.3261,-0.7355
audio_mfcc_4_mean,40,0,26.2378,10.4242,27.0945,13.9425,5.4328,46.7069,-0.1321,-0.7095
audio_mfcc_5_mean,40,0,-23.6873,7.9328,-24.7316,11.4326,-43.6772,-8.1535,-0.0377,-0.372
audio_mfcc_6_mean,40,0,-5.9081,9.3589,-3.6924,12.9464,-32.022,8.1874,-0.7268,0.1398
audio_mfcc_7_mean,40,0,-20.2547,8.1135,-18.7901,9.5296,-39.2574,-2.2125,-0.2124,-0.0398
audio_mfcc_8_mean,40,0,-4.2863,7.1897,-3.4093,9.81,-26.3342,6.692,-0.8154,0.7576
audio_mfcc_9_mean,40,0,-12.7035,4.4598,-12.6086,6.309,-23.8139,-2.1317,0.0482,-0.0262
audio_mfcc_10_mean,40,0,0.412,5.0545,0.8349,6.8608,-11.2775,11.2978,-0.1882,-0.1755
audio_mfcc_11_mean,40,0,-8.7744,4.3087,-8.8688,6.1292,-18.1536,0.4449,0.1134,-0.4883
audio_mfcc_12_mean,40,0,-1.7036,3.9355,-1.145,5.6212,-10.9483,4.8608,-0.5719,-0.173
audio_mfcc_13_mean,40,0,-13.41,5.3637,-14.6467,6.9236,-22.969,2.0882,0.4477,0.3208
