participant_code,year_level,class_activity,subject,session,session_name,spoken_word,self_reported_feeling,valence_score,valence_label,arousal_score,arousal_label,affect_category,word_english,date_collected,video_filename,video_fps,video_total_frames,video_detected_frames,video_duration_sec,face_detection_rate,face__neutral_mean,face__neutral_std,face__neutral_max,face_browDownLeft_mean,face_browDownLeft_std,face_browDownLeft_max,face_browDownRight_mean,face_browDownRight_std,face_browDownRight_max,face_browInnerUp_mean,face_browInnerUp_std,face_browInnerUp_max,face_browOuterUpLeft_mean,face_browOuterUpLeft_std,face_browOuterUpLeft_max,face_browOuterUpRight_mean,face_browOuterUpRight_std,face_browOuterUpRight_max,face_cheekPuff_mean,face_cheekPuff_std,face_cheekPuff_max,face_cheekSquintLeft_mean,face_cheekSquintLeft_std,face_cheekSquintLeft_max,face_cheekSquintRight_mean,face_cheekSquintRight_std,face_cheekSquintRight_max,face_eyeBlinkLeft_mean,face_eyeBlinkLeft_std,face_eyeBlinkLeft_max,face_eyeBlinkRight_mean,face_eyeBlinkRight_std,face_eyeBlinkRight_max,face_eyeLookDownLeft_mean,face_eyeLookDownLeft_std,face_eyeLookDownLeft_max,face_eyeLookDownRight_mean,face_eyeLookDownRight_std,face_eyeLookDownRight_max,face_eyeLookInLeft_mean,face_eyeLookInLeft_std,face_eyeLookInLeft_max,face_eyeLookInRight_mean,face_eyeLookInRight_std,face_eyeLookInRight_max,face_eyeLookOutLeft_mean,face_eyeLookOutLeft_std,face_eyeLookOutLeft_max,face_eyeLookOutRight_mean,face_eyeLookOutRight_std,face_eyeLookOutRight_max,face_eyeLookUpLeft_mean,face_eyeLookUpLeft_std,face_eyeLookUpLeft_max,face_eyeLookUpRight_mean,face_eyeLookUpRight_std,face_eyeLookUpRight_max,face_eyeSquintLeft_mean,face_eyeSquintLeft_std,face_eyeSquintLeft_max,face_eyeSquintRight_mean,face_eyeSquintRight_std,face_eyeSquintRight_max,face_eyeWideLeft_mean,face_eyeWideLeft_std,face_eyeWideLeft_max,face_eyeWideRight_mean,face_eyeWideRight_std,face_eyeWideRight_max,face_jawForward_mean,face_jawForward_std,face_jawForward_max,face_jawLeft_mean,face_jawLeft_std,face_jawLeft_max,face_jawOpen_mean,face_jawOpen_std,face_jawOpen_max,face_jawRight_mean,face_jawRight_std,face_jawRight_max,face_mouthClose_mean,face_mouthClose_std,face_mouthClose_max,face_mouthDimpleLeft_mean,face_mouthDimpleLeft_std,face_mouthDimpleLeft_max,face_mouthDimpleRight_mean,face_mouthDimpleRight_std,face_mouthDimpleRight_max,face_mouthFrownLeft_mean,face_mouthFrownLeft_std,face_mouthFrownLeft_max,face_mouthFrownRight_mean,face_mouthFrownRight_std,face_mouthFrownRight_max,face_mouthFunnel_mean,face_mouthFunnel_std,face_mouthFunnel_max,face_mouthLeft_mean,face_mouthLeft_std,face_mouthLeft_max,face_mouthLowerDownLeft_mean,face_mouthLowerDownLeft_std,face_mouthLowerDownLeft_max,face_mouthLowerDownRight_mean,face_mouthLowerDownRight_std,face_mouthLowerDownRight_max,face_mouthPressLeft_mean,face_mouthPressLeft_std,face_mouthPressLeft_max,face_mouthPressRight_mean,face_mouthPressRight_std,face_mouthPressRight_max,face_mouthPucker_mean,face_mouthPucker_std,face_mouthPucker_max,face_mouthRight_mean,face_mouthRight_std,face_mouthRight_max,face_mouthRollLower_mean,face_mouthRollLower_std,face_mouthRollLower_max,face_mouthRollUpper_mean,face_mouthRollUpper_std,face_mouthRollUpper_max,face_mouthShrugLower_mean,face_mouthShrugLower_std,face_mouthShrugLower_max,face_mouthShrugUpper_mean,face_mouthShrugUpper_std,face_mouthShrugUpper_max,face_mouthSmileLeft_mean,face_mouthSmileLeft_std,face_mouthSmileLeft_max,face_mouthSmileRight_mean,face_mouthSmileRight_std,face_mouthSmileRight_max,face_mouthStretchLeft_mean,face_mouthStretchLeft_std,face_mouthStretchLeft_max,face_mouthStretchRight_mean,face_mouthStretchRight_std,face_mouthStretchRight_max,face_mouthUpperUpLeft_mean,face_mouthUpperUpLeft_std,face_mouthUpperUpLeft_max,face_mouthUpperUpRight_mean,face_mouthUpperUpRight_std,face_mouthUpperUpRight_max,face_noseSneerLeft_mean,face_noseSneerLeft_std,face_noseSneerLeft_max,face_noseSneerRight_mean,face_noseSneerRight_std,face_noseSneerRight_max,face_smile_mean,face_smile_std,face_smile_max,face_frown_mean,face_frown_std,face_frown_max,face_brow_lowerer_mean,face_brow_lowerer_std,face_brow_lowerer_max,face_brow_inner_raiser_mean,face_brow_inner_raiser_max,face_jaw_open_mean,face_jaw_open_std,face_jaw_open_max,face_eye_squint_mean,face_disgust_mean,face_expressiveness_score,face_ear_mean,face_ear_std,face_ear_min,face_mar_mean,face_mar_std,face_mar_max,face_pitch_mean_deg,face_pitch_std_deg,face_yaw_mean_deg,face_yaw_std_deg,face_roll_mean_deg,face_roll_std_deg
Y4-001,4th Year,Lecture / Review,Foreign Language - Japanese,PM,Afternoon,Thrilled,Thrilled,4,Pleasant,3,Moderate,Positive,Excited / Thrilled,9/22/2026,Y4-001_Y4_PM_Thrilled.mov,30.0,20,20,0.6667,1.0,0.0,0.0,0.0,0.0668,0.0272,0.1084,0.0704,0.0141,0.0966,0.0089,0.0047,0.0187,0.0687,0.0284,0.1558,0.0865,0.0359,0.1611,0.0003,0.0002,0.0006,0.0,0.0,0.0,0.0,0.0,0.0,0.4066,0.1345,0.6263,0.3469,0.1301,0.5816,0.5056,0.1028,0.6998,0.4901,0.0976,0.6753,0.309,0.1745,0.6048,0.0274,0.0373,0.1218,0.0286,0.0306,0.1083,0.3098,0.1792,0.6101,0.0159,0.0053,0.0252,0.0123,0.0046,0.0219,0.5281,0.0456,0.6036,0.4294,0.0837,0.5705,0.0023,0.0011,0.0043,0.0018,0.0013,0.0044,0.001,0.0007,0.0024,0.0003,0.0001,0.0005,0.0093,0.0081,0.0252,0.0003,0.0002,0.0007,0.0003,0.0003,0.0009,0.0118,0.0064,0.0314,0.0057,0.0014,0.008,0.0035,0.0032,0.0114,0.0033,0.0032,0.0119,0.0046,0.0041,0.0161,0.0022,0.0033,0.0143,0.0592,0.0589,0.2182,0.1303,0.1386,0.4504,0.0953,0.0228,0.1518,0.0936,0.0318,0.1546,0.0041,0.0028,0.0126,0.0004,0.0003,0.0011,0.0138,0.0056,0.0233,0.016,0.0072,0.0269,0.0112,0.0079,0.0275,0.0231,0.0105,0.0425,0.7081,0.0469,0.7718,0.7167,0.0822,0.8011,0.0282,0.0185,0.0881,0.0906,0.0286,0.1713,0.3144,0.1663,0.5859,0.3567,0.1971,0.647,0.0,0.0,0.0,0.0,0.0,0.0,0.7124,0.0631,0.7865,0.0034,0.0032,0.0117,0.0686,0.0184,0.1024,0.0089,0.0187,0.0093,0.0081,0.0252,0.4788,0.1678,0.0384,0.3349,0.0633,0.2321,0.2639,0.0801,0.398,-2.5,3.72,-8.96,4.88,0.29,1.94
Y4-002,4th Year,Lecture / Review,Foreign Language - Japanese,PM,Afternoon,Lutang,Lutang,4,Pleasant,3,Moderate,Fatigue,Spaced out / Floating,9/22/2026,Y4-002_Y4_PM_Lutang.mov,30.0,23,23,0.7667,1.0,0.0,0.0,0.0,0.019,0.0107,0.0434,0.0175,0.0097,0.048,0.0651,0.0205,0.1176,0.1159,0.0479,0.197,0.0504,0.0108,0.0698,0.0005,0.0003,0.001,0.0,0.0,0.0,0.0,0.0,0.0,0.1373,0.0231,0.195,0.0902,0.019,0.146,0.1087,0.033,0.1873,0.1109,0.031,0.1752,0.3281,0.2121,0.8469,0.0144,0.0083,0.0299,0.0167,0.0093,0.0338,0.3309,0.2105,0.8441,0.1248,0.0346,0.2149,0.1308,0.0368,0.2231,0.5707,0.0468,0.6579,0.5997,0.0304,0.6443,0.0076,0.0015,0.0102,0.0075,0.0019,0.0127,0.0031,0.0012,0.0044,0.0096,0.0056,0.0212,0.0595,0.0291,0.12,0.0001,0.0001,0.0002,0.0006,0.0003,0.0014,0.0168,0.012,0.0614,0.0043,0.002,0.0124,0.0002,0.0001,0.0005,0.0003,0.0002,0.0007,0.066,0.0831,0.2922,0.0032,0.0032,0.0118,0.4119,0.1788,0.5703,0.535,0.2232,0.7399,0.0158,0.0068,0.0263,0.0287,0.0111,0.055,0.0406,0.0611,0.2295,0.0001,0.0001,0.0002,0.0033,0.0014,0.0057,0.0072,0.0033,0.0138,0.0009,0.0006,0.002,0.0095,0.0036,0.0178,0.2816,0.1861,0.5569,0.2567,0.1728,0.5154,0.004,0.0033,0.0139,0.0411,0.026,0.1004,0.3427,0.2146,0.6328,0.287,0.1874,0.5345,0.0,0.0,0.0,0.0,0.0,0.0,0.2692,0.1792,0.5362,0.0002,0.0002,0.0006,0.0183,0.0099,0.0438,0.0651,0.1176,0.0595,0.0291,0.12,0.5852,0.1574,0.0426,0.4373,0.0183,0.383,0.5781,0.117,0.7559,-3.89,1.35,6.44,1.26,-2.53,1.58
Y4-003,4th Year,Lecture / Review,Foreign Language - Japanese,PM,Afternoon,Libog,Confused,3,Neutral,4,High,Stress/Anxiety,Confused / Perplexed,9/22/2026,Y4-003_Y4_PM_Libog.mov,30.0,20,20,0.6667,1.0,0.0,0.0,0.0,0.0199,0.0057,0.034,0.029,0.0067,0.0405,0.0048,0.0045,0.0152,0.1134,0.0256,0.1729,0.0562,0.0085,0.0789,0.0,0.0,0.0001,0.0,0.0,0.0,0.0,0.0,0.0,0.2109,0.1221,0.6261,0.2385,0.0993,0.5625,0.2399,0.1504,0.6322,0.2295,0.1413,0.6401,0.3146,0.2701,0.6945,0.0912,0.1328,0.3524,0.0961,0.1388,0.3505,0.2942,0.2507,0.66,0.0671,0.052,0.1867,0.0551,0.0471,0.1655,0.4983,0.0848,0.7244,0.3591,0.0684,0.5668,0.0041,0.0016,0.0071,0.0019,0.0009,0.0036,0.0002,0.0002,0.0006,0.0008,0.0003,0.0015,0.0126,0.018,0.0712,0.0001,0.0001,0.0004,0.0009,0.0005,0.0023,0.0129,0.0068,0.0283,0.0281,0.0169,0.0578,0.0,0.0,0.0001,0.0,0.0,0.0001,0.0099,0.0103,0.0346,0.0002,0.0001,0.0004,0.0062,0.0105,0.0441,0.0083,0.0142,0.0571,0.0404,0.0194,0.1038,0.0365,0.0103,0.0581,0.0405,0.0245,0.0908,0.0204,0.0131,0.0402,0.0025,0.0012,0.0055,0.0043,0.0016,0.0075,0.0025,0.003,0.0132,0.0103,0.0093,0.0316,0.0054,0.0071,0.0235,0.006,0.0081,0.0313,0.0008,0.0006,0.0023,0.0013,0.0013,0.0049,0.0015,0.0026,0.0089,0.0019,0.0033,0.0115,0.0,0.0,0.0,0.0,0.0,0.0,0.0057,0.0075,0.0271,0.0,0.0,0.0001,0.0244,0.0058,0.0356,0.0048,0.0152,0.0126,0.018,0.0712,0.4287,0.0008,0.0345,0.4546,0.0681,0.2417,0.1321,0.096,0.3303,9.24,3.7,-3.05,2.0,1.73,0.28
Y4-004,4th Year,Lecture / Review,Foreign Language - Japanese,PM,Afternoon,Okay,Okay,4,Pleasant,3,Moderate,Neutral,Okay / Fine,9/22/2026,Y4-004_Y4_PM_Okay.mov,30.0,20,20,0.6667,1.0,0.0,0.0,0.0,0.435,0.1038,0.5911,0.2986,0.1159,0.4755,0.0099,0.0093,0.0333,0.0016,0.0005,0.0034,0.0068,0.0026,0.0116,0.0005,0.0003,0.0011,0.0,0.0,0.0,0.0,0.0,0.0,0.1893,0.0469,0.2438,0.1983,0.0582,0.3057,0.0753,0.0241,0.1295,0.0981,0.0258,0.1511,0.3146,0.2216,0.5979,0.0352,0.0464,0.1373,0.0686,0.0905,0.3091,0.3443,0.2061,0.5957,0.1856,0.0523,0.2792,0.1678,0.0465,0.2422,0.7865,0.0382,0.8731,0.5872,0.0381,0.646,0.0042,0.0012,0.0073,0.0037,0.0014,0.0068,0.004,0.0019,0.0077,0.0022,0.0007,0.0038,0.1035,0.0521,0.1827,0.0003,0.0002,0.0006,0.0012,0.0004,0.0021,0.0033,0.0019,0.0087,0.0022,0.0007,0.0035,0.0021,0.0013,0.0043,0.0019,0.0011,0.0039,0.0301,0.0063,0.0432,0.0004,0.0001,0.0007,0.2725,0.1311,0.4428,0.4085,0.205,0.615,0.0136,0.0074,0.029,0.0125,0.0048,0.0216,0.0175,0.0121,0.0529,0.0003,0.0001,0.0007,0.0016,0.0008,0.0031,0.0057,0.0024,0.0117,0.0004,0.0002,0.0006,0.005,0.0011,0.0077,0.6188,0.2306,0.9284,0.5806,0.2151,0.8724,0.1474,0.0726,0.2561,0.2705,0.1065,0.4392,0.2264,0.1488,0.4804,0.2209,0.1341,0.419,0.0,0.0,0.0,0.0,0.0,0.0,0.5997,0.2226,0.9004,0.002,0.0011,0.0041,0.3668,0.1089,0.5333,0.0099,0.0333,0.1035,0.0521,0.1827,0.6869,0.1118,0.0475,0.4116,0.0296,0.3576,0.3496,0.0921,0.4403,8.11,4.37,-1.74,1.08,-0.61,0.31
Y4-005,4th Year,Lecture / Review,Foreign Language - Japanese,PM,Afternoon,Hapsay,Great,4,Pleasant,4,High,Positive,Smooth / Orderly,9/22/2026,Y4-005_Y4_PM_Hapsay.mov,30.0,22,22,0.7333,1.0,0.0,0.0,0.0,0.1227,0.0403,0.1696,0.0587,0.0201,0.0863,0.0763,0.0568,0.2262,0.0157,0.0071,0.0353,0.0505,0.0179,0.092,0.0001,0.0001,0.0003,0.0,0.0,0.0,0.0,0.0,0.0,0.2131,0.0546,0.3214,0.1946,0.0456,0.2695,0.214,0.0526,0.3734,0.2264,0.0466,0.3479,0.2776,0.1187,0.4175,0.0207,0.0205,0.0783,0.0278,0.0242,0.0958,0.2882,0.1106,0.4167,0.0534,0.0165,0.0983,0.0506,0.0139,0.0878,0.4834,0.0728,0.603,0.3763,0.0388,0.5068,0.0044,0.0017,0.0084,0.0053,0.0023,0.011,0.0007,0.0006,0.0022,0.0005,0.0003,0.0014,0.0031,0.0036,0.0117,0.0001,0.0001,0.0005,0.0001,0.0001,0.0002,0.0073,0.0037,0.0177,0.0057,0.0032,0.0173,0.0009,0.0006,0.0024,0.0006,0.0004,0.0016,0.0088,0.007,0.0227,0.0047,0.003,0.0121,0.1319,0.1955,0.5195,0.1525,0.219,0.5983,0.0253,0.0064,0.0382,0.025,0.015,0.0671,0.0185,0.0064,0.0331,0.0002,0.0004,0.0018,0.0027,0.002,0.0083,0.0021,0.0014,0.0051,0.004,0.0023,0.0093,0.0321,0.0093,0.0565,0.6915,0.1428,0.8001,0.6336,0.1033,0.7218,0.0303,0.0223,0.0771,0.0126,0.0077,0.0381,0.2444,0.2128,0.679,0.2748,0.2688,0.7607,0.0,0.0,0.0,0.0,0.0,0.0,0.6626,0.1202,0.7522,0.0008,0.0005,0.002,0.0907,0.0287,0.1273,0.0763,0.2262,0.0031,0.0036,0.0117,0.4298,0.1298,0.0385,0.3964,0.0247,0.3541,0.2777,0.1294,0.5015,-7.89,2.05,-13.64,5.01,6.58,0.73
Y4-006,4th Year,Lecture / Review,Foreign Language - Japanese,PM,Afternoon,Kapuliki,Kapuliki,3,Neutral,3,Moderate,Stress/Anxiety,Overwhelmed / Frantic,9/23/2026,Y4-006_Y4_PM_Kapuliki.mov,30.0,21,21,0.7,1.0,0.0,0.0,0.0,0.0003,0.0001,0.0006,0.0002,0.0001,0.0006,0.6075,0.0584,0.7794,0.6044,0.0772,0.7307,0.4234,0.074,0.575,0.0002,0.0001,0.0004,0.0,0.0,0.0,0.0,0.0,0.0,0.1868,0.082,0.4444,0.1788,0.0873,0.457,0.1766,0.0842,0.5047,0.1904,0.0812,0.4954,0.1739,0.1023,0.3566,0.046,0.0314,0.1123,0.0386,0.0254,0.0982,0.1679,0.0986,0.3302,0.0779,0.0264,0.1432,0.0695,0.0267,0.1372,0.5292,0.0782,0.6845,0.4942,0.034,0.6044,0.0053,0.0017,0.0083,0.0044,0.0019,0.0084,0.002,0.0016,0.0043,0.0053,0.0035,0.012,0.1115,0.0906,0.3151,0.0001,0.0001,0.0002,0.0018,0.0012,0.0049,0.0016,0.001,0.0041,0.0008,0.0003,0.0014,0.0052,0.0046,0.0209,0.0075,0.0079,0.0365,0.0663,0.0363,0.1393,0.002,0.0014,0.0053,0.1403,0.1196,0.3328,0.1843,0.1588,0.4324,0.004,0.002,0.0096,0.0062,0.0022,0.0102,0.1801,0.1641,0.7477,0.0003,0.0003,0.0009,0.0043,0.0063,0.0274,0.0014,0.0011,0.005,0.0059,0.0135,0.0501,0.0178,0.0091,0.0464,0.0868,0.1321,0.4137,0.0778,0.1228,0.4133,0.0761,0.0969,0.2631,0.2025,0.1654,0.5224,0.3065,0.3167,0.7886,0.3031,0.329,0.8218,0.0,0.0,0.0,0.0,0.0,0.0,0.0823,0.1271,0.4135,0.0063,0.0062,0.0287,0.0003,0.0001,0.0006,0.6075,0.7794,0.1115,0.0906,0.3151,0.5117,0.1524,0.0531,0.4562,0.0513,0.2808,0.4009,0.1706,0.5645,0.62,2.19,4.57,2.38,3.48,1.16
Y4-007,4th Year,Prelim Exam,Graph Theory,AM,Morning,Nahuwasan,Huwaasa,4,Pleasant,4,High,Positive,Relieved,9/29/2026,Y4-007_Y4_AM_Nahuwasan.mov,30.0,38,38,1.2667,1.0,0.0,0.0,0.0,0.0164,0.0078,0.0314,0.0289,0.0146,0.0607,0.1265,0.0546,0.2373,0.0881,0.0393,0.1917,0.0549,0.0277,0.1448,0.0,0.0,0.0001,0.0,0.0,0.0,0.0,0.0,0.0,0.2165,0.0453,0.3727,0.2093,0.0633,0.3485,0.3932,0.0518,0.4957,0.374,0.0451,0.4626,0.0321,0.0051,0.0455,0.2186,0.0318,0.2886,0.2073,0.0332,0.2728,0.0091,0.0037,0.0252,0.0229,0.006,0.0391,0.0189,0.0057,0.0344,0.2798,0.033,0.3415,0.2812,0.0405,0.3689,0.0047,0.0014,0.0072,0.0038,0.0017,0.0085,0.0008,0.0005,0.002,0.001,0.0007,0.0039,0.0032,0.0029,0.0134,0.0001,0.0,0.0002,0.0001,0.0,0.0002,0.0083,0.0031,0.0218,0.0085,0.0054,0.0264,0.0001,0.0001,0.0003,0.0001,0.0001,0.0003,0.0545,0.0344,0.1444,0.0018,0.0006,0.004,0.058,0.0785,0.2746,0.0606,0.0754,0.2406,0.0158,0.0081,0.0319,0.0173,0.0122,0.0496,0.1488,0.1432,0.61,0.0006,0.0003,0.0016,0.0004,0.0001,0.0008,0.0016,0.0011,0.0053,0.0005,0.0005,0.0015,0.0162,0.0092,0.0336,0.2689,0.2316,0.5609,0.2363,0.202,0.4787,0.0086,0.0081,0.0227,0.0072,0.008,0.0238,0.0929,0.072,0.2012,0.129,0.0996,0.2529,0.0,0.0,0.0,0.0,0.0,0.0,0.2526,0.2167,0.5198,0.0001,0.0001,0.0003,0.0226,0.011,0.0426,0.1265,0.2373,0.0032,0.0029,0.0134,0.2805,0.0555,0.029,0.479,0.0323,0.3829,0.2802,0.0655,0.416,-6.33,1.76,-2.5,1.18,-1.22,1.1
Y4-008,4th Year,Prelim Exam,Graph Theory,AM,Morning,Chuy,Chuy,2,Unpleasant,3,Moderate,Positive,Cool / Chill,9/29/2026,Y4-008_Y4_AM_Chuy.mov,30.0,30,30,1.0,1.0,0.0,0.0,0.0,0.0107,0.0047,0.0274,0.0172,0.0139,0.0538,0.0273,0.0337,0.142,0.1823,0.0648,0.3436,0.1071,0.0422,0.1863,0.0,0.0,0.0001,0.0,0.0,0.0,0.0,0.0,0.0,0.2512,0.0916,0.5183,0.1888,0.0887,0.4569,0.2249,0.1111,0.5128,0.2426,0.1001,0.5133,0.2387,0.1337,0.4411,0.0302,0.0337,0.1556,0.0432,0.041,0.1884,0.2296,0.1225,0.4135,0.061,0.0244,0.1069,0.0589,0.0219,0.0979,0.603,0.0574,0.7617,0.5485,0.0526,0.6775,0.0038,0.0019,0.0084,0.003,0.0012,0.0057,0.0003,0.0001,0.0006,0.0035,0.0031,0.0116,0.0405,0.0249,0.1055,0.0004,0.0004,0.0015,0.001,0.0008,0.0029,0.0076,0.0061,0.0295,0.0046,0.0023,0.0103,0.0001,0.0003,0.0017,0.0001,0.0002,0.001,0.0257,0.0222,0.0872,0.0006,0.0005,0.0025,0.0229,0.0158,0.0556,0.0417,0.0394,0.1378,0.0122,0.0081,0.025,0.0082,0.0054,0.0203,0.1169,0.1275,0.444,0.0023,0.0022,0.0114,0.0033,0.0016,0.0073,0.0162,0.0114,0.0536,0.0005,0.0005,0.002,0.0045,0.0024,0.0095,0.0005,0.0006,0.0027,0.0005,0.0007,0.0034,0.0008,0.0013,0.0056,0.0011,0.0012,0.005,0.0012,0.0009,0.0036,0.0014,0.001,0.0043,0.0,0.0,0.0,0.0,0.0,0.0,0.0005,0.0007,0.003,0.0001,0.0003,0.0014,0.014,0.0091,0.0406,0.0273,0.142,0.0405,0.0249,0.1055,0.5757,0.0006,0.0254,0.3846,0.0602,0.2352,0.2812,0.0535,0.3907,-1.98,1.65,0.76,11.62,7.0,4.72
Y4-009,4th Year,Prelim Exam,Graph Theory,AM,Morning,Gakaguol,Kaguol,2,Unpleasant,3,Moderate,Stress/Anxiety,Grieving / Gloomy,9/29/2026,Y4-009_Y4_AM_Gakaguol.mov,30.0,37,37,1.2333,1.0,0.0,0.0,0.0,0.0353,0.0129,0.0665,0.0286,0.0143,0.0619,0.031,0.0184,0.0909,0.0569,0.0127,0.0891,0.0523,0.0095,0.0751,0.0001,0.0001,0.0003,0.0,0.0,0.0,0.0,0.0,0.0,0.2581,0.0214,0.3027,0.2595,0.0207,0.2969,0.2844,0.051,0.3904,0.2804,0.0424,0.3546,0.1361,0.0511,0.2813,0.0382,0.0168,0.0926,0.0477,0.0158,0.0896,0.1174,0.0336,0.2123,0.0399,0.0099,0.0588,0.0355,0.0101,0.0587,0.3933,0.0371,0.4585,0.4245,0.0366,0.5111,0.0025,0.0003,0.0033,0.0013,0.0003,0.0023,0.0004,0.0003,0.0012,0.0022,0.0011,0.0062,0.0608,0.1052,0.3819,0.0,0.0001,0.0002,0.002,0.0017,0.0073,0.0097,0.0057,0.0261,0.0018,0.0012,0.0058,0.0014,0.0012,0.0055,0.0022,0.0019,0.0083,0.0205,0.0163,0.0656,0.0007,0.0004,0.0016,0.0131,0.0191,0.0653,0.0264,0.0386,0.1274,0.0325,0.0116,0.0676,0.0158,0.0102,0.0433,0.0121,0.0034,0.0216,0.0005,0.0003,0.0015,0.0019,0.0008,0.0037,0.0016,0.0009,0.0035,0.0018,0.0012,0.0056,0.027,0.0113,0.0526,0.0494,0.0716,0.307,0.0424,0.0669,0.3033,0.0085,0.0055,0.0242,0.0302,0.0182,0.0805,0.054,0.0471,0.2154,0.0572,0.0547,0.2411,0.0,0.0,0.0,0.0,0.0,0.0,0.0459,0.0691,0.3052,0.0018,0.0015,0.0069,0.032,0.0133,0.0599,0.031,0.0909,0.0608,0.1052,0.3819,0.4089,0.0278,0.0175,0.4437,0.0103,0.4233,0.2762,0.1375,0.653,-2.57,1.71,5.65,1.12,5.39,1.32
Y4-010,4th Year,Prelim Exam,Graph Theory,AM,Morning,Hapsay,Hapsay,3,Neutral,5,Very High,Positive,Smooth / Orderly,9/29/2026,Y4-010_Y4_AM_Hapsay.mov,30.0,25,25,0.8333,1.0,0.0,0.0,0.0,0.0225,0.0116,0.0481,0.0188,0.0099,0.0425,0.062,0.0239,0.1246,0.091,0.0641,0.2627,0.0443,0.02,0.1174,0.0002,0.0002,0.0005,0.0,0.0,0.0,0.0,0.0,0.0,0.3712,0.1381,0.7256,0.3602,0.1419,0.677,0.4646,0.1646,0.8032,0.44,0.1615,0.7896,0.1831,0.0556,0.2983,0.0362,0.0208,0.0867,0.0275,0.015,0.0735,0.1649,0.0589,0.2818,0.0268,0.0113,0.0529,0.0192,0.0093,0.0386,0.5523,0.0782,0.6858,0.5181,0.0817,0.7056,0.0024,0.0006,0.0034,0.0007,0.0003,0.001,0.0007,0.0008,0.0022,0.0032,0.0026,0.0089,0.0666,0.0799,0.222,0.0001,0.0,0.0001,0.0036,0.0029,0.0085,0.0158,0.0138,0.0494,0.0258,0.0177,0.0933,0.0002,0.0002,0.0008,0.0002,0.0002,0.0009,0.0113,0.0138,0.0423,0.0007,0.0006,0.0027,0.0433,0.0651,0.2542,0.0625,0.0918,0.3373,0.0353,0.0118,0.0631,0.0781,0.0302,0.1474,0.0163,0.034,0.1603,0.0014,0.0012,0.005,0.0029,0.0013,0.0078,0.0104,0.0096,0.0433,0.0054,0.007,0.0194,0.0029,0.0013,0.006,0.0483,0.0637,0.221,0.0601,0.0765,0.2534,0.0023,0.0016,0.0063,0.004,0.0027,0.0132,0.0204,0.0282,0.0815,0.0278,0.0383,0.1112,0.0,0.0,0.0,0.0,0.0,0.0,0.0542,0.07,0.2372,0.0002,0.0002,0.0009,0.0206,0.0106,0.0453,0.062,0.1246,0.0666,0.0799,0.222,0.5352,0.012,0.032,0.3588,0.0845,0.2063,0.1943,0.1921,0.5006,-3.02,1.39,6.15,0.56,-1.89,1.58
Y4-011,4th Year,Prelim Exam,Graph Theory,AM,Morning,Kapoy,Kapoy,3,Neutral,2,Low,Fatigue,Tired / Exhausted,9/29/2026,Y4-011_Y4_AM_Kapoy.mov,30.0,31,31,1.0333,1.0,0.0,0.0,0.0,0.0506,0.0309,0.1114,0.0287,0.0195,0.0725,0.1511,0.0425,0.2435,0.0328,0.0249,0.0853,0.0238,0.0143,0.057,0.0002,0.0001,0.0005,0.0,0.0,0.0,0.0,0.0,0.0,0.2376,0.0226,0.2951,0.1685,0.0251,0.2245,0.1155,0.0538,0.2617,0.1147,0.0537,0.2642,0.1091,0.0789,0.3391,0.0836,0.0353,0.1356,0.0668,0.0305,0.1109,0.101,0.077,0.3217,0.1374,0.0471,0.2161,0.1624,0.0623,0.2518,0.6517,0.0423,0.7271,0.6617,0.0565,0.7393,0.0036,0.0005,0.0046,0.0031,0.0008,0.0042,0.0024,0.001,0.0036,0.0086,0.0077,0.0433,0.0518,0.0676,0.3063,0.0,0.0,0.0001,0.0011,0.001,0.0056,0.0024,0.0022,0.0092,0.0025,0.0016,0.0071,0.0003,0.0005,0.0027,0.0003,0.0005,0.0027,0.1304,0.0709,0.3274,0.002,0.002,0.0083,0.2009,0.1257,0.468,0.23,0.1481,0.5694,0.0042,0.0029,0.0152,0.0094,0.011,0.0582,0.17,0.062,0.2538,0.0002,0.0001,0.0005,0.0006,0.0002,0.0013,0.0014,0.0012,0.0066,0.001,0.0028,0.0157,0.0063,0.0016,0.0096,0.4659,0.2114,0.6592,0.4528,0.2097,0.6549,0.013,0.0071,0.039,0.0313,0.0171,0.0681,0.4474,0.2488,0.6622,0.434,0.2406,0.6495,0.0,0.0,0.0,0.0,0.0,0.0,0.4594,0.2101,0.6571,0.0003,0.0005,0.0027,0.0397,0.025,0.0895,0.1511,0.2435,0.0518,0.0676,0.3063,0.6567,0.2203,0.0416,0.4196,0.013,0.3956,0.4236,0.1803,0.7389,-0.24,1.58,5.32,0.46,-1.87,1.34
Y4-012,4th Year,Prelim Exam,Graph Theory,AM,Morning,Okay,Okay,5,Very Pleasant,5,Very High,Neutral,Okay / Fine,9/29/2026,Y4-012_Y4_AM_Okay.mov,30.0,34,34,1.1333,1.0,0.0,0.0,0.0,0.0625,0.0342,0.1135,0.0465,0.0243,0.0852,0.0581,0.1256,0.4439,0.092,0.1548,0.5192,0.0649,0.0816,0.3173,0.0,0.0,0.0001,0.0,0.0,0.0,0.0,0.0,0.0,0.2047,0.0218,0.2465,0.1109,0.0156,0.1614,0.2749,0.0595,0.4231,0.2535,0.0597,0.4037,0.1806,0.0445,0.248,0.035,0.0171,0.0807,0.0256,0.0106,0.0564,0.1724,0.0576,0.2535,0.043,0.0128,0.0712,0.0448,0.0138,0.0699,0.3813,0.0238,0.4331,0.4768,0.035,0.5373,0.0045,0.0011,0.0086,0.0047,0.0013,0.0087,0.0004,0.0003,0.0012,0.0035,0.0022,0.0104,0.0145,0.0182,0.0807,0.0,0.0001,0.0002,0.0022,0.0017,0.0079,0.1392,0.0656,0.3019,0.0278,0.0192,0.0794,0.0,0.0,0.0,0.0,0.0,0.0,0.0706,0.081,0.2745,0.016,0.01,0.051,0.0043,0.007,0.0284,0.0062,0.0107,0.044,0.0486,0.038,0.1387,0.0282,0.0212,0.0862,0.2297,0.252,0.9698,0.0003,0.0003,0.0018,0.0017,0.0011,0.0055,0.0111,0.022,0.0896,0.0014,0.0019,0.0072,0.003,0.0013,0.0058,0.0959,0.123,0.4195,0.0622,0.0824,0.2824,0.0006,0.0004,0.0015,0.0008,0.0008,0.0026,0.0029,0.0042,0.0149,0.0032,0.0052,0.0186,0.0,0.0,0.0,0.0,0.0,0.0,0.0791,0.1025,0.3488,0.0,0.0,0.0,0.0545,0.0289,0.0896,0.0581,0.4439,0.0145,0.0182,0.0807,0.429,0.0015,0.0301,0.4954,0.0113,0.4748,0.16,0.1199,0.3841,-2.87,0.5,3.14,0.82,1.2,0.37
Y4-013,4th Year,Prelim Exam,Graph Theory,AM,Morning,Kapoy,Kapoy,3,Neutral,2,Low,Fatigue,Tired / Exhausted,9/29/2026,Y4-013_Y4_AM_Kapoy.mov,30.0,38,38,1.2667,1.0,0.0,0.0,0.0,0.0078,0.0082,0.0324,0.0057,0.0053,0.02,0.213,0.0897,0.4293,0.1764,0.1131,0.4317,0.0741,0.0321,0.1312,0.0002,0.0002,0.0008,0.0,0.0,0.0,0.0,0.0,0.0,0.22,0.0421,0.3073,0.2348,0.0474,0.2996,0.3352,0.0828,0.5177,0.3206,0.073,0.4654,0.0342,0.0094,0.0566,0.125,0.0303,0.2227,0.1206,0.0279,0.2108,0.0359,0.0103,0.056,0.0377,0.0118,0.0706,0.031,0.0123,0.0669,0.4169,0.0382,0.513,0.3695,0.0498,0.4677,0.0042,0.0009,0.0079,0.0026,0.001,0.006,0.0005,0.0004,0.0014,0.0028,0.0046,0.0271,0.0562,0.1101,0.556,0.0001,0.0002,0.001,0.0041,0.0098,0.0614,0.0357,0.0745,0.3622,0.0615,0.076,0.2951,0.0069,0.0083,0.027,0.0062,0.0073,0.0236,0.0055,0.009,0.041,0.0001,0.0001,0.0005,0.0468,0.0823,0.3737,0.0479,0.075,0.299,0.1358,0.1126,0.4942,0.1686,0.1833,0.7103,0.0062,0.0155,0.0841,0.0199,0.0272,0.1098,0.0391,0.07,0.3078,0.0226,0.0308,0.1179,0.1272,0.2308,0.8177,0.0452,0.0497,0.1871,0.3505,0.2911,0.7198,0.3476,0.2826,0.724,0.0145,0.0161,0.062,0.0122,0.009,0.0339,0.1594,0.1555,0.4476,0.2105,0.1961,0.5996,0.0,0.0,0.0,0.0,0.0,0.0,0.349,0.2865,0.7173,0.0065,0.0078,0.0253,0.0067,0.0067,0.0246,0.213,0.4293,0.0562,0.1101,0.556,0.3932,0.0925,0.0541,0.4368,0.0342,0.3867,0.2705,0.2327,0.9699,-10.01,5.06,0.07,0.56,0.71,0.86
Y4-014,4th Year,Prelim Exam,Graph Theory,AM,Morning,Relibo,Relibo,5,Very Pleasant,5,Very High,Positive,Relieved,9/29/2026,Y4-014_Y4_AM_Relibo.mov,30.0,19,19,0.6333,1.0,0.0,0.0,0.0,0.0065,0.0067,0.0247,0.0192,0.0136,0.0606,0.1507,0.0807,0.3283,0.3389,0.1298,0.5278,0.0686,0.0301,0.1357,0.0001,0.0001,0.0002,0.0,0.0,0.0,0.0,0.0,0.0,0.0806,0.0326,0.1583,0.0789,0.0141,0.1158,0.062,0.0197,0.1055,0.0694,0.0204,0.1085,0.0455,0.0137,0.0691,0.0742,0.0159,0.1049,0.0963,0.0204,0.1354,0.0569,0.011,0.0744,0.1528,0.0415,0.2254,0.1499,0.0438,0.2248,0.4637,0.0353,0.523,0.5464,0.0515,0.6057,0.0099,0.0042,0.0182,0.0076,0.0029,0.0128,0.0003,0.0002,0.0005,0.0009,0.0005,0.0021,0.2962,0.1765,0.5028,0.0031,0.0031,0.0146,0.0276,0.0155,0.0642,0.0251,0.0194,0.063,0.0077,0.0034,0.0139,0.0,0.0,0.0001,0.0,0.0,0.0001,0.0901,0.1067,0.3081,0.0004,0.0006,0.0017,0.014,0.011,0.0323,0.0242,0.0209,0.059,0.0245,0.0208,0.0664,0.018,0.0129,0.0435,0.2532,0.3747,0.937,0.0143,0.0101,0.0489,0.0034,0.0035,0.012,0.0338,0.0556,0.1917,0.0004,0.0006,0.0025,0.0014,0.0008,0.0033,0.0069,0.011,0.0445,0.0106,0.0183,0.0751,0.0006,0.0007,0.0029,0.0042,0.0043,0.0168,0.0004,0.0005,0.0019,0.0004,0.0005,0.0023,0.0,0.0,0.0,0.0,0.0,0.0,0.0088,0.0147,0.0598,0.0,0.0,0.0001,0.0129,0.01,0.0426,0.1507,0.3283,0.2962,0.1765,0.5028,0.505,0.0002,0.0281,0.553,0.0199,0.5111,0.3949,0.2065,0.6446,5.53,0.61,-0.89,0.91,3.04,2.38
Y4-015,4th Year,Prelim Exam,Graph Theory,AM,Morning,Kapoy,Kulba,5,Very Pleasant,5,Very High,Fatigue,Tired / Exhausted,9/29/2026,Y4-015_Y4_AM_Kapoy.mov,30.0,27,27,0.9,1.0,0.0,0.0,0.0,0.0016,0.0018,0.0077,0.0013,0.0014,0.0059,0.3461,0.214,0.6779,0.3744,0.0966,0.5341,0.4117,0.1155,0.6201,0.0001,0.0001,0.0004,0.0,0.0,0.0,0.0,0.0,0.0,0.2007,0.1619,0.6915,0.1986,0.1697,0.6706,0.2296,0.1796,0.724,0.2346,0.1741,0.7045,0.1309,0.1123,0.2992,0.1319,0.1238,0.3571,0.133,0.1229,0.3638,0.1259,0.1146,0.2956,0.0839,0.084,0.3359,0.0792,0.0801,0.3078,0.4859,0.1544,0.7693,0.4312,0.132,0.7215,0.0051,0.0028,0.0106,0.0054,0.0031,0.0114,0.0004,0.0004,0.0012,0.0012,0.0011,0.004,0.1105,0.1645,0.5714,0.0012,0.0015,0.007,0.0045,0.007,0.0371,0.0125,0.0188,0.0997,0.0046,0.006,0.0239,0.0024,0.0071,0.037,0.0022,0.0064,0.0331,0.0138,0.0143,0.0556,0.0012,0.0014,0.0047,0.0418,0.066,0.2679,0.0538,0.0822,0.3048,0.0799,0.0587,0.2231,0.0244,0.0152,0.0553,0.0281,0.0412,0.2084,0.0024,0.0029,0.0126,0.0092,0.0159,0.0754,0.0115,0.0107,0.0394,0.012,0.0198,0.0737,0.0144,0.0084,0.0333,0.1759,0.2414,0.6751,0.1454,0.194,0.546,0.0152,0.0234,0.0884,0.0106,0.0139,0.053,0.0101,0.0138,0.0424,0.0119,0.0176,0.0665,0.0,0.0,0.0,0.0,0.0,0.0,0.1606,0.2171,0.6106,0.0023,0.0067,0.0351,0.0015,0.0016,0.0068,0.3461,0.6779,0.1105,0.1645,0.5714,0.4585,0.0055,0.0596,0.4753,0.1018,0.1975,0.2521,0.2206,0.699,-2.21,4.93,-9.67,4.3,2.29,0.5
Y4-016,4th Year,Prelim Exam,Graph Theory,AM,Morning,Kulba,Kapoy,3,Neutral,3,Moderate,Stress/Anxiety,Nervous / Anxious,9/29/2026,Y4-016_Y4_AM_Kulba.mov,30.0,26,26,0.8667,1.0,0.0,0.0,0.0,0.0021,0.0012,0.0041,0.0008,0.0006,0.002,0.5264,0.1666,0.8518,0.3308,0.1106,0.5818,0.5626,0.1237,0.7996,0.0,0.0,0.0001,0.0,0.0,0.0,0.0,0.0,0.0,0.1378,0.0205,0.1789,0.0498,0.024,0.0951,0.0123,0.0032,0.0171,0.0105,0.0033,0.0161,0.0564,0.0653,0.2147,0.1744,0.1141,0.3292,0.1796,0.1137,0.3323,0.0652,0.0618,0.2136,0.5078,0.0518,0.6308,0.4911,0.0522,0.6159,0.4806,0.046,0.6099,0.3664,0.0617,0.5171,0.0065,0.0022,0.0116,0.0146,0.006,0.0265,0.0003,0.0002,0.0009,0.0006,0.0003,0.0014,0.0682,0.0948,0.2871,0.0026,0.0034,0.0131,0.004,0.0026,0.0119,0.0067,0.0024,0.0139,0.0004,0.0004,0.0018,0.0002,0.0003,0.001,0.0003,0.0003,0.001,0.0407,0.0344,0.1109,0.0052,0.0037,0.014,0.0133,0.0246,0.1034,0.0218,0.0348,0.1386,0.0311,0.0195,0.0924,0.0015,0.0013,0.0059,0.4324,0.293,0.8726,0.0007,0.0007,0.0031,0.004,0.0022,0.0097,0.0033,0.0025,0.0108,0.0006,0.0006,0.0024,0.0015,0.0007,0.0033,0.0019,0.0042,0.0198,0.0007,0.0018,0.0089,0.0041,0.0037,0.0151,0.0022,0.0011,0.0047,0.0001,0.0002,0.0011,0.0,0.0001,0.0005,0.0,0.0,0.0,0.0,0.0,0.0,0.0013,0.003,0.0144,0.0002,0.0003,0.001,0.0014,0.0009,0.003,0.5264,0.8518,0.0682,0.0948,0.2871,0.4235,0.0,0.0301,0.5796,0.0137,0.5583,0.163,0.1601,0.4963,3.03,1.4,-15.07,3.24,-4.2,0.73
Y4-017,4th Year,Prelim Exam,Graph Theory,AM,Morning,Gihigugma,Gihigugma,5,Very Pleasant,5,Very High,Positive,Loved / Appreciated,9/29/2026,Y4-017_Y4_AM_Gihigugma.mov,30.0,46,46,1.5333,1.0,0.0,0.0,0.0,0.164,0.1446,0.4988,0.1295,0.1041,0.3994,0.0246,0.0136,0.0532,0.022,0.0151,0.0578,0.0185,0.0074,0.0296,0.0003,0.0002,0.0007,0.0,0.0,0.0,0.0,0.0,0.0,0.2514,0.0531,0.3295,0.2196,0.0363,0.2881,0.1734,0.0337,0.2504,0.1914,0.0359,0.2409,0.0815,0.0187,0.1358,0.0583,0.0127,0.0891,0.0703,0.0136,0.103,0.0978,0.0204,0.1622,0.0889,0.0201,0.1449,0.0832,0.0223,0.1375,0.6624,0.0832,0.7978,0.6159,0.0632,0.7366,0.0039,0.0008,0.0063,0.0029,0.0009,0.0053,0.0019,0.0013,0.0036,0.0008,0.0006,0.0021,0.0452,0.0346,0.1006,0.0001,0.0001,0.0003,0.0015,0.0009,0.0029,0.0045,0.0029,0.0094,0.0059,0.0041,0.0188,0.0022,0.0075,0.0439,0.002,0.0067,0.0371,0.069,0.0384,0.1502,0.0012,0.0005,0.0027,0.1029,0.075,0.2339,0.2206,0.1612,0.4529,0.0181,0.0132,0.0452,0.0378,0.0497,0.2339,0.1088,0.1196,0.4886,0.0005,0.0003,0.0015,0.001,0.0008,0.0039,0.0015,0.0009,0.0034,0.0429,0.1456,0.6531,0.019,0.0358,0.1871,0.6956,0.2733,0.948,0.7035,0.2247,0.9297,0.0305,0.0258,0.0909,0.0625,0.0501,0.155,0.5979,0.3525,0.9341,0.5936,0.3166,0.903,0.0,0.0,0.0,0.0,0.0,0.0,0.6995,0.2482,0.9367,0.0021,0.007,0.0405,0.1468,0.1241,0.4491,0.0246,0.0532,0.0452,0.0346,0.1006,0.6392,0.2979,0.0508,0.3964,0.0383,0.3363,0.3687,0.1494,0.5469,3.28,1.66,1.41,0.39,-0.56,0.79
Y4-018,4th Year,Prelim Exam,Graph Theory,AM,Morning,Lingaw,Lingaw,4,Pleasant,3,Moderate,Positive,Fun / Enjoyable,9/29/2026,Y4-018_Y4_AM_Lingaw.mov,30.0,25,25,0.8333,1.0,0.0,0.0,0.0,0.0088,0.005,0.0232,0.0181,0.0104,0.0521,0.0113,0.0053,0.0223,0.1871,0.0496,0.2574,0.0612,0.0256,0.1092,0.0002,0.0002,0.0005,0.0,0.0,0.0,0.0,0.0,0.0,0.2676,0.1205,0.6281,0.2536,0.1203,0.5795,0.2721,0.154,0.7064,0.2688,0.145,0.6911,0.0839,0.141,0.4592,0.1391,0.0921,0.3224,0.1358,0.0816,0.2732,0.0844,0.1165,0.3937,0.0563,0.0328,0.1308,0.0498,0.0303,0.1248,0.5921,0.065,0.7259,0.6058,0.0578,0.7592,0.0025,0.0008,0.0033,0.0017,0.0007,0.0026,0.0004,0.0003,0.0012,0.0015,0.0008,0.0029,0.0206,0.0207,0.0696,0.0,0.0,0.0001,0.0018,0.0012,0.0039,0.0312,0.0202,0.0813,0.0059,0.0019,0.0105,0.0002,0.0001,0.0005,0.0002,0.0002,0.0005,0.0155,0.0065,0.031,0.0048,0.0032,0.0116,0.0148,0.0239,0.0849,0.0266,0.042,0.1488,0.0382,0.0194,0.0878,0.0228,0.0132,0.0591,0.0579,0.0794,0.3833,0.0002,0.0001,0.0005,0.0045,0.0026,0.0092,0.0023,0.0013,0.0054,0.0056,0.0027,0.0129,0.0403,0.0176,0.0744,0.2327,0.2167,0.5771,0.1563,0.1518,0.4479,0.0033,0.0022,0.0084,0.0064,0.0047,0.0192,0.1887,0.1966,0.5743,0.1949,0.2223,0.6414,0.0,0.0,0.0,0.0,0.0,0.0,0.1945,0.1835,0.5089,0.0002,0.0001,0.0005,0.0134,0.0074,0.0376,0.0113,0.0223,0.0206,0.0207,0.0696,0.5989,0.0959,0.0443,0.3654,0.0554,0.2324,0.2785,0.1083,0.4957,5.5,2.31,-2.52,0.65,10.38,2.83
Y4-019,4th Year,Prelim Exam,Graph Theory,AM,Morning,Kaguol,Kaguol,3,Neutral,3,Moderate,Stress/Anxiety,Sad / Sorrowful,9/29/2026,Y4-019_Y4_AM_Kaguol.mov,30.0,23,23,0.7667,1.0,0.0,0.0,0.0,0.0018,0.0018,0.007,0.0019,0.0025,0.0084,0.3041,0.2346,0.7087,0.4757,0.1882,0.7915,0.2914,0.2,0.6304,0.0002,0.0002,0.0007,0.0,0.0,0.0,0.0,0.0,0.0,0.2526,0.0411,0.3093,0.2139,0.0416,0.2797,0.5307,0.1642,0.7592,0.5023,0.1688,0.7429,0.2595,0.2017,0.6901,0.0454,0.0356,0.1044,0.0302,0.0278,0.091,0.2443,0.2138,0.7104,0.0182,0.0107,0.0382,0.0122,0.0085,0.0272,0.3976,0.0477,0.4803,0.2327,0.0653,0.3794,0.0053,0.0015,0.0098,0.0025,0.0008,0.0042,0.0005,0.0007,0.0025,0.0022,0.0014,0.0057,0.0127,0.009,0.0309,0.0001,0.0001,0.0005,0.0007,0.0005,0.0021,0.0454,0.0277,0.1075,0.0218,0.012,0.0569,0.0007,0.0009,0.0028,0.0012,0.0014,0.0045,0.0589,0.078,0.2314,0.0061,0.0052,0.0185,0.0359,0.0578,0.1789,0.0629,0.1089,0.3412,0.0444,0.0463,0.1436,0.0736,0.0676,0.2081,0.2851,0.37,0.9011,0.0005,0.0004,0.0016,0.0164,0.0077,0.0338,0.0048,0.0047,0.0203,0.0618,0.0936,0.4583,0.0938,0.0617,0.2112,0.0637,0.1182,0.3714,0.0423,0.075,0.2371,0.001,0.0012,0.0048,0.003,0.0043,0.0168,0.3352,0.2886,0.835,0.2965,0.2497,0.7473,0.0,0.0,0.0,0.0,0.0,0.0,0.053,0.0966,0.3043,0.001,0.0012,0.0037,0.0018,0.0021,0.0067,0.3041,0.7087,0.0127,0.009,0.0309,0.3152,0.1579,0.0644,0.4484,0.0191,0.4093,0.3894,0.1255,0.5651,-10.91,3.73,9.48,5.73,-5.57,0.41
Y4-020,4th Year,Prelim Exam,Graph Theory,AM,Morning,Kulba,Kulba,5,Very Pleasant,3,Moderate,Stress/Anxiety,Nervous / Anxious,9/29/2026,Y4-020_Y4_AM_Kulba.mov,30.0,13,13,0.4333,1.0,0.0,0.0,0.0,0.0042,0.0015,0.0073,0.012,0.0108,0.0408,0.1926,0.0528,0.2705,0.2088,0.0387,0.2598,0.0307,0.0124,0.047,0.0002,0.0001,0.0003,0.0,0.0,0.0,0.0,0.0,0.0,0.1756,0.0165,0.1941,0.2408,0.0334,0.3261,0.2717,0.043,0.3546,0.2901,0.0401,0.3589,0.1444,0.0612,0.2641,0.0468,0.0223,0.09,0.0418,0.0193,0.0777,0.138,0.057,0.2463,0.0564,0.015,0.1053,0.0518,0.0176,0.1102,0.5273,0.0315,0.5884,0.5995,0.0536,0.728,0.0052,0.0005,0.0064,0.0027,0.0006,0.0039,0.0008,0.0005,0.0017,0.0112,0.0068,0.0219,0.1972,0.1027,0.3503,0.0001,0.0,0.0002,0.0194,0.0104,0.0392,0.059,0.0683,0.2009,0.0533,0.068,0.1813,0.0007,0.0011,0.0037,0.0007,0.001,0.0035,0.0241,0.0289,0.0802,0.0005,0.0004,0.0014,0.0777,0.0922,0.2616,0.0838,0.0963,0.2783,0.0889,0.0919,0.3619,0.0741,0.0896,0.3713,0.0238,0.0373,0.1405,0.0022,0.0031,0.011,0.0512,0.1248,0.4719,0.0977,0.113,0.4447,0.0022,0.0055,0.0204,0.0005,0.0003,0.001,0.0101,0.0101,0.0242,0.0078,0.0083,0.0212,0.0047,0.0064,0.0187,0.0028,0.0036,0.0096,0.0038,0.0044,0.0121,0.0028,0.0036,0.0104,0.0,0.0,0.0,0.0,0.0,0.0,0.0089,0.0092,0.0227,0.0007,0.0011,0.0036,0.0081,0.006,0.024,0.1926,0.2705,0.1972,0.1027,0.3503,0.5634,0.0016,0.029,0.396,0.0111,0.3788,0.337,0.1989,0.5438,-8.69,1.2,3.96,0.76,6.32,1.16
Y4-021,4th Year,Quiz,Numerical Analysis,AM,Morning,Gaduha-duha,Ga duha2 sa answer,2,Unpleasant,2,Low,Stress/Anxiety,Hesitant / In doubt,9/30/2026,Y4-021_Y4_AM_Gaduha-duha.mov,30.0,27,27,0.9,1.0,0.0,0.0,0.0,0.0026,0.002,0.0072,0.0031,0.0027,0.0082,0.2218,0.1257,0.4841,0.3724,0.1092,0.5493,0.2794,0.113,0.5269,0.0001,0.0001,0.0004,0.0,0.0,0.0,0.0,0.0,0.0,0.234,0.0376,0.319,0.1601,0.0443,0.271,0.2633,0.0547,0.3879,0.2617,0.0494,0.3758,0.0601,0.0485,0.1596,0.1193,0.0834,0.2559,0.1138,0.0755,0.2385,0.0589,0.0447,0.1467,0.0311,0.0066,0.0442,0.0324,0.007,0.0443,0.362,0.0324,0.4228,0.4188,0.0313,0.4948,0.0028,0.0005,0.0036,0.0037,0.0012,0.006,0.001,0.0008,0.003,0.002,0.0013,0.0058,0.0055,0.0044,0.0138,0.0,0.0,0.0001,0.0001,0.0001,0.0003,0.0119,0.0044,0.0214,0.0041,0.0013,0.0068,0.001,0.0012,0.0043,0.0012,0.0015,0.0056,0.0081,0.0041,0.0158,0.0035,0.0017,0.0079,0.0714,0.1278,0.4428,0.0921,0.1585,0.5362,0.0763,0.0211,0.1276,0.0573,0.0271,0.1203,0.0079,0.0039,0.0239,0.0001,0.0,0.0002,0.0021,0.0015,0.0056,0.0012,0.0007,0.0032,0.0031,0.0043,0.0178,0.0312,0.0141,0.0715,0.1391,0.075,0.3234,0.0889,0.052,0.2072,0.0224,0.0141,0.0508,0.0289,0.0288,0.1165,0.1498,0.1715,0.5278,0.154,0.1708,0.5272,0.0,0.0,0.0,0.0,0.0,0.0,0.114,0.0632,0.2653,0.0011,0.0014,0.005,0.0029,0.0023,0.0077,0.2218,0.4841,0.0055,0.0044,0.0138,0.3904,0.076,0.0339,0.4391,0.031,0.3892,0.2406,0.1165,0.475,-2.74,3.71,0.1,4.09,3.33,2.93
Y4-022,4th Year,Quiz,Numerical Analysis,AM,Morning,Ambot,,3,Neutral,2,Low,Neutral,I don't know / Ambivalent,9/30/2026,Y4-022_Y4_AM_Ambot.mov,30.0,30,30,1.0,1.0,0.0,0.0,0.0,0.0013,0.0009,0.0034,0.001,0.0008,0.0032,0.3963,0.1091,0.6537,0.5342,0.1026,0.7157,0.273,0.0723,0.4236,0.0001,0.0001,0.0002,0.0,0.0,0.0,0.0,0.0,0.0,0.203,0.0391,0.2815,0.133,0.0304,0.223,0.3784,0.0456,0.4409,0.3563,0.0422,0.4185,0.0302,0.0323,0.111,0.4156,0.3093,0.8752,0.4032,0.319,0.873,0.02,0.0223,0.0668,0.0251,0.0057,0.0372,0.0227,0.0063,0.0375,0.3023,0.0455,0.4009,0.3265,0.0641,0.4913,0.0065,0.0022,0.0143,0.0057,0.0022,0.0099,0.0017,0.0013,0.0043,0.0009,0.0004,0.002,0.0029,0.0028,0.0112,0.0,0.0,0.0001,0.0001,0.0001,0.0003,0.0051,0.0036,0.013,0.0036,0.0022,0.0106,0.0014,0.002,0.0074,0.0019,0.0026,0.009,0.0815,0.0512,0.1822,0.0036,0.0045,0.0187,0.0732,0.0879,0.3095,0.0917,0.1236,0.4103,0.0088,0.0056,0.0244,0.0214,0.0103,0.0527,0.134,0.06,0.2655,0.0003,0.0001,0.0006,0.001,0.0006,0.0023,0.0006,0.0004,0.0015,0.0059,0.0088,0.0308,0.0196,0.0078,0.0323,0.2497,0.2772,0.6703,0.2635,0.2701,0.6753,0.013,0.0191,0.0743,0.0992,0.1161,0.3863,0.3862,0.2841,0.7992,0.4774,0.3254,0.8446,0.0,0.0,0.0,0.0,0.0,0.0,0.2566,0.2735,0.6717,0.0016,0.0023,0.0082,0.0012,0.0008,0.003,0.3963,0.6537,0.0029,0.0028,0.0112,0.3144,0.2159,0.0561,0.4735,0.02,0.4309,0.3142,0.1696,0.4846,-7.7,1.88,6.13,2.02,1.02,0.41
Y4-023,4th Year,Quiz,Numerical Analysis,AM,Morning,Kapoy,,3,Neutral,2,Low,Fatigue,Tired / Exhausted,9/30/2026,Y4-023_Y4_AM_Kapoy.mov,30.0,25,25,0.8333,1.0,0.0,0.0,0.0,0.0385,0.0161,0.0728,0.0277,0.0128,0.0649,0.0451,0.017,0.081,0.0987,0.0395,0.1648,0.0705,0.0212,0.1134,0.0001,0.0001,0.0004,0.0,0.0,0.0,0.0,0.0,0.0,0.342,0.0357,0.3932,0.1692,0.0256,0.2085,0.5726,0.0323,0.6442,0.5783,0.0368,0.6419,0.0493,0.0314,0.121,0.0767,0.0355,0.1868,0.1001,0.0415,0.2176,0.0644,0.0228,0.1088,0.01,0.0021,0.0159,0.0089,0.0016,0.0119,0.2987,0.0253,0.3423,0.3246,0.0422,0.3997,0.0026,0.0007,0.0046,0.0043,0.0012,0.008,0.0006,0.0005,0.0018,0.0014,0.0013,0.0057,0.0107,0.0158,0.0582,0.0,0.0,0.0001,0.0002,0.0002,0.0007,0.0639,0.0742,0.2524,0.0226,0.0171,0.0589,0.0014,0.0018,0.0082,0.0016,0.0026,0.013,0.0083,0.006,0.0176,0.0003,0.0001,0.0005,0.0956,0.164,0.5247,0.1242,0.2027,0.6255,0.127,0.0574,0.2842,0.0602,0.0302,0.1531,0.0081,0.0085,0.0344,0.0039,0.0036,0.0129,0.005,0.004,0.0158,0.0044,0.0036,0.0115,0.0341,0.099,0.4792,0.0489,0.0343,0.1437,0.0664,0.0643,0.2495,0.047,0.0447,0.1708,0.0033,0.0029,0.0097,0.0047,0.0073,0.0351,0.2686,0.2853,0.7281,0.2565,0.2797,0.736,0.0,0.0,0.0,0.0,0.0,0.0,0.0567,0.0544,0.2102,0.0015,0.0021,0.0106,0.0331,0.0139,0.0673,0.0451,0.081,0.0107,0.0158,0.0582,0.3116,0.1313,0.0356,0.4195,0.0113,0.3977,0.2914,0.2101,0.7159,-10.47,2.32,-0.73,0.37,1.82,0.95
Y4-024,4th Year,Quiz,Numerical Analysis,AM,Morning,Okay,,4,Pleasant,3,Moderate,Neutral,Okay / Fine,9/30/2026,Y4-024_Y4_AM_Okay.mov,30.0,21,21,0.7,1.0,0.0,0.0,0.0,0.0071,0.0036,0.0143,0.0064,0.0038,0.017,0.2661,0.0744,0.4234,0.2542,0.0986,0.4807,0.3169,0.0634,0.4325,0.0002,0.0002,0.0005,0.0,0.0,0.0,0.0,0.0,0.0,0.0975,0.0152,0.1261,0.0391,0.0124,0.0667,0.093,0.0279,0.1571,0.1045,0.0306,0.1661,0.0162,0.019,0.0634,0.2995,0.1703,0.542,0.3016,0.1523,0.5281,0.0347,0.031,0.1136,0.1067,0.0286,0.184,0.0969,0.0307,0.1742,0.3065,0.0474,0.416,0.1311,0.0305,0.2099,0.012,0.0023,0.0164,0.0202,0.005,0.0299,0.0011,0.0008,0.0024,0.0001,0.0001,0.0003,0.0357,0.0429,0.1698,0.0045,0.004,0.0131,0.0002,0.0001,0.0004,0.002,0.0015,0.0068,0.001,0.0006,0.0027,0.0073,0.0084,0.0379,0.0052,0.0064,0.029,0.0818,0.0494,0.1852,0.0006,0.0004,0.0013,0.1669,0.1921,0.6228,0.1804,0.1983,0.6263,0.0092,0.0032,0.0163,0.0034,0.0018,0.0069,0.1335,0.0889,0.3237,0.0009,0.0011,0.0048,0.0012,0.0005,0.0021,0.0007,0.0006,0.0022,0.0034,0.0072,0.0271,0.0665,0.027,0.1112,0.0656,0.0624,0.1745,0.0618,0.0606,0.1645,0.2613,0.2131,0.5247,0.0667,0.0606,0.1662,0.2575,0.215,0.5617,0.3394,0.2708,0.6937,0.0,0.0,0.0,0.0,0.0,0.0,0.0637,0.0613,0.1611,0.0063,0.0074,0.0334,0.0067,0.0036,0.0157,0.2661,0.4234,0.0357,0.0429,0.1698,0.2188,0.1492,0.0455,0.587,0.0191,0.559,0.4466,0.1897,0.7028,-9.44,1.11,-12.98,0.92,3.66,0.66
Y4-025,4th Year,Quiz,Numerical Analysis,AM,Morning,Kapoy,,2,Unpleasant,2,Low,Fatigue,Tired / Exhausted,9/30/2026,Y4-025_Y4_AM_Kapoy.mov,30.0,24,24,0.8,1.0,0.0,0.0,0.0,0.0123,0.0053,0.0218,0.0073,0.0032,0.0125,0.091,0.0456,0.1937,0.1344,0.0427,0.2323,0.1063,0.0164,0.1403,0.0001,0.0001,0.0004,0.0,0.0,0.0,0.0,0.0,0.0,0.2593,0.0431,0.3768,0.2118,0.056,0.3932,0.3416,0.0936,0.5813,0.3393,0.0819,0.5615,0.1111,0.1137,0.4139,0.0861,0.0474,0.1814,0.076,0.0499,0.1912,0.0954,0.1145,0.3905,0.0332,0.0106,0.0563,0.0294,0.0108,0.0545,0.3355,0.0443,0.4205,0.3387,0.0406,0.4356,0.0041,0.0011,0.0062,0.0032,0.0012,0.0062,0.0011,0.001,0.0031,0.0024,0.0015,0.0066,0.0298,0.0429,0.1439,0.0001,0.0001,0.0002,0.0011,0.001,0.0037,0.0264,0.0201,0.0851,0.0046,0.0052,0.0263,0.0002,0.0002,0.0007,0.0004,0.0003,0.0013,0.1456,0.1385,0.413,0.0026,0.0035,0.0137,0.058,0.0908,0.3229,0.0848,0.1293,0.4422,0.0177,0.0221,0.079,0.0092,0.0053,0.0235,0.2109,0.2602,0.9,0.0006,0.0007,0.0026,0.0019,0.0013,0.0049,0.0046,0.0102,0.0376,0.0015,0.0024,0.0106,0.0108,0.008,0.03,0.0755,0.0847,0.2856,0.0722,0.085,0.3047,0.0039,0.0037,0.0143,0.0358,0.0387,0.1307,0.1628,0.1635,0.4114,0.1421,0.1481,0.3645,0.0,0.0,0.0,0.0,0.0,0.0,0.0739,0.0847,0.2952,0.0003,0.0002,0.001,0.0098,0.0041,0.0161,0.091,0.1937,0.0298,0.0429,0.1439,0.3371,0.0762,0.0402,0.4537,0.02,0.3834,0.3374,0.2083,0.6219,-7.62,1.41,2.91,0.71,-3.5,0.88
Y4-026,4th Year,Quiz,Numerical Analysis,AM,Morning,Lisod,Lisod 100%,5,Very Pleasant,5,Very High,Stress/Anxiety,Difficult / Challenging,9/30/2026,Y4-026_Y4_AM_Lisod.mov,30.0,27,27,0.9,1.0,0.0,0.0,0.0,0.0006,0.0002,0.0009,0.0003,0.0001,0.0005,0.5375,0.0344,0.6236,0.5948,0.04,0.6793,0.6373,0.0545,0.7318,0.0001,0.0001,0.0004,0.0,0.0,0.0,0.0,0.0,0.0,0.384,0.0828,0.5538,0.3187,0.0888,0.5719,0.5258,0.0648,0.6684,0.528,0.0647,0.6801,0.0301,0.0151,0.0631,0.1454,0.0645,0.2892,0.1523,0.0558,0.2803,0.0427,0.0183,0.0749,0.0163,0.0052,0.0284,0.0122,0.0045,0.0242,0.2244,0.0221,0.2741,0.318,0.0282,0.3892,0.0027,0.0006,0.004,0.003,0.0011,0.0048,0.0015,0.0014,0.0037,0.0028,0.004,0.0165,0.01,0.0126,0.04,0.0,0.0,0.0001,0.0002,0.0002,0.0006,0.0036,0.0022,0.0077,0.0045,0.0023,0.0094,0.0031,0.0088,0.0456,0.0026,0.0077,0.04,0.0587,0.0416,0.1418,0.0018,0.001,0.0047,0.1607,0.1929,0.4914,0.1903,0.2266,0.5528,0.0139,0.0057,0.0246,0.0119,0.0048,0.0217,0.1361,0.0865,0.3454,0.0007,0.0006,0.0027,0.0013,0.0013,0.0035,0.0006,0.0005,0.0017,0.0023,0.0033,0.0152,0.0347,0.0149,0.0714,0.142,0.1514,0.4387,0.1038,0.11,0.33,0.0536,0.0613,0.1744,0.016,0.018,0.0565,0.2095,0.198,0.5624,0.2684,0.2412,0.6509,0.0,0.0,0.0,0.0,0.0,0.0,0.1229,0.1306,0.3784,0.0029,0.0083,0.0428,0.0004,0.0001,0.0006,0.5375,0.6236,0.01,0.0126,0.04,0.2712,0.1195,0.0393,0.3902,0.0371,0.2874,0.313,0.1949,0.591,-12.14,1.93,-4.52,1.35,0.2,1.9
Y4-027,4th Year,Quiz,Numerical Analysis,AM,Morning,Kapoy,,2,Unpleasant,3,Moderate,Fatigue,Tired / Exhausted,9/30/2026,Y4-027_Y4_AM_Kapoy.mov,30.0,20,20,0.6667,1.0,0.0,0.0,0.0,0.0283,0.0155,0.0527,0.0167,0.0077,0.0284,0.0992,0.0474,0.2186,0.1823,0.0584,0.2824,0.2292,0.0507,0.3558,0.0002,0.0002,0.0007,0.0,0.0,0.0,0.0,0.0,0.0,0.0482,0.025,0.1161,0.0125,0.0076,0.0317,0.1805,0.1317,0.4458,0.1776,0.1184,0.409,0.8088,0.1675,0.944,0.0012,0.0018,0.0074,0.0019,0.0028,0.0111,0.8072,0.1733,0.9451,0.0609,0.0356,0.1219,0.0614,0.0361,0.1254,0.166,0.0455,0.2608,0.077,0.0287,0.1341,0.0169,0.005,0.0264,0.073,0.0327,0.1509,0.0008,0.0007,0.0019,0.0011,0.0011,0.0052,0.0205,0.0204,0.0562,0.0006,0.0006,0.0014,0.0004,0.0004,0.0011,0.0846,0.0823,0.2738,0.0545,0.046,0.1881,0.0002,0.0003,0.001,0.0001,0.0002,0.0009,0.0308,0.031,0.1034,0.0102,0.0126,0.0427,0.1971,0.2382,0.6586,0.2008,0.2369,0.6674,0.0515,0.0253,0.1204,0.0737,0.0249,0.1199,0.0455,0.0371,0.169,0.0012,0.0022,0.0094,0.0033,0.0027,0.0101,0.0043,0.0046,0.0166,0.0144,0.0275,0.1086,0.025,0.0211,0.1077,0.2361,0.278,0.789,0.2573,0.3051,0.843,0.0099,0.0183,0.0599,0.0024,0.0026,0.0087,0.2128,0.2993,0.8074,0.2248,0.3269,0.8863,0.0,0.0,0.0,0.0,0.0,0.0,0.2467,0.291,0.8157,0.0002,0.0003,0.0008,0.0225,0.0115,0.0406,0.0992,0.2186,0.0205,0.0204,0.0562,0.1215,0.1094,0.0584,0.5924,0.0318,0.5257,0.3347,0.2444,0.6604,-4.39,2.45,-3.34,2.55,-1.43,2.55
Y4-028,4th Year,Quiz,Numerical Analysis,AM,Morning,Kapoy,,1,Very Unpleasant,2,Low,Fatigue,Tired / Exhausted,9/30/2026,Y4-028_Y4_AM_Kapoy.mov,30.0,24,24,0.8,1.0,0.0,0.0,0.0,0.0125,0.0063,0.0264,0.014,0.0059,0.0285,0.0584,0.032,0.1559,0.1457,0.0607,0.3148,0.058,0.01,0.077,0.0003,0.0002,0.0008,0.0,0.0,0.0,0.0,0.0,0.0,0.1961,0.0209,0.226,0.1195,0.0206,0.1587,0.1615,0.0519,0.2708,0.1556,0.047,0.2503,0.1483,0.0324,0.2082,0.038,0.011,0.071,0.0361,0.0105,0.0682,0.1427,0.0325,0.1991,0.0896,0.0282,0.1415,0.0911,0.0338,0.1583,0.5744,0.0392,0.6478,0.5792,0.0474,0.6969,0.0052,0.0011,0.0078,0.0042,0.0012,0.0072,0.0011,0.0006,0.0021,0.0034,0.002,0.0079,0.183,0.1485,0.4332,0.0005,0.0006,0.0029,0.0167,0.0198,0.0704,0.1134,0.1322,0.5134,0.0254,0.0371,0.1552,0.0,0.0,0.0001,0.0,0.0,0.0001,0.0497,0.0726,0.2849,0.0012,0.0008,0.0027,0.0512,0.0522,0.1938,0.1023,0.1067,0.3407,0.062,0.0603,0.2833,0.0326,0.0277,0.149,0.1197,0.2338,0.6702,0.0025,0.0028,0.0086,0.0053,0.0091,0.0372,0.0611,0.0559,0.2177,0.0014,0.0039,0.0171,0.0014,0.001,0.003,0.2811,0.2642,0.7433,0.2357,0.2465,0.7351,0.0015,0.0019,0.008,0.012,0.0161,0.0593,0.0354,0.059,0.2467,0.025,0.0503,0.2319,0.0,0.0,0.0,0.0,0.0,0.0,0.2584,0.2542,0.7371,0.0,0.0,0.0001,0.0133,0.0058,0.027,0.0584,0.1559,0.183,0.1485,0.4332,0.5768,0.0151,0.0404,0.4843,0.0116,0.4647,0.3351,0.2152,0.6464,3.1,2.2,4.62,1.25,-1.26,0.94
Y4-029,4th Year,Quiz,Numerical Analysis,AM,Morning,Pildi,,5,Very Pleasant,2,Low,Stress/Anxiety,Defeated / Lost,9/30/2026,Y4-029_Y4_AM_Pildi.mov,30.0,29,29,0.9667,1.0,0.0,0.0,0.0,0.0007,0.0003,0.0017,0.0007,0.0004,0.0021,0.5229,0.0928,0.6149,0.5161,0.0533,0.5918,0.451,0.0664,0.5529,0.0005,0.0002,0.0008,0.0,0.0,0.0,0.0,0.0,0.0,0.2617,0.0237,0.2971,0.1349,0.0139,0.1678,0.1977,0.0322,0.2696,0.1918,0.0286,0.2437,0.0326,0.0146,0.0672,0.1056,0.0486,0.2026,0.1364,0.0547,0.2736,0.0573,0.0183,0.1121,0.064,0.0126,0.0909,0.0605,0.013,0.0888,0.4168,0.0333,0.473,0.3254,0.0422,0.4009,0.0049,0.0007,0.0066,0.006,0.0017,0.0091,0.0025,0.0012,0.0039,0.0008,0.0004,0.0018,0.0282,0.0211,0.0687,0.0002,0.0002,0.0007,0.0007,0.0003,0.0011,0.01,0.005,0.0263,0.0042,0.0026,0.0129,0.0009,0.0008,0.0045,0.0012,0.0012,0.0068,0.0146,0.0088,0.0302,0.0008,0.0003,0.0015,0.248,0.1745,0.49,0.397,0.2517,0.7103,0.0588,0.0394,0.1916,0.0513,0.0373,0.1768,0.0224,0.0129,0.0482,0.0005,0.0006,0.0031,0.0092,0.0042,0.018,0.0055,0.0026,0.0117,0.0106,0.025,0.1018,0.0105,0.0061,0.0283,0.5603,0.2544,0.765,0.4819,0.2233,0.6802,0.0174,0.0092,0.0357,0.0507,0.0215,0.0888,0.4712,0.2,0.6432,0.465,0.2002,0.6358,0.0,0.0,0.0,0.0,0.0,0.0,0.5211,0.2385,0.72,0.0011,0.001,0.0057,0.0007,0.0004,0.0019,0.5229,0.6149,0.0282,0.0211,0.0687,0.3711,0.234,0.0395,0.4626,0.0123,0.4384,0.3752,0.1635,0.576,-7.06,2.27,-1.85,1.32,-4.66,7.55
Y4-030,4th Year,Quiz,Numerical Analysis,AM,Morning,Kapoy,,2,Unpleasant,2,Low,Fatigue,Tired / Exhausted,9/30/2026,Y4-030_Y4_AM_Kapoy.mov,30.0,26,26,0.8667,1.0,0.0,0.0,0.0,0.0062,0.0018,0.0107,0.0057,0.0013,0.0086,0.0418,0.0148,0.0952,0.198,0.0378,0.3112,0.1531,0.0296,0.2571,0.0003,0.0002,0.0008,0.0,0.0,0.0,0.0,0.0,0.0,0.1692,0.0242,0.2139,0.105,0.0256,0.1774,0.2437,0.0684,0.4953,0.2381,0.0528,0.4515,0.0734,0.0462,0.2902,0.0627,0.016,0.0888,0.0669,0.0174,0.0952,0.0744,0.0427,0.2765,0.0435,0.0099,0.0683,0.0386,0.0113,0.0616,0.3307,0.062,0.4697,0.3296,0.0411,0.3861,0.0058,0.0011,0.0085,0.0045,0.0012,0.0067,0.0008,0.0005,0.0017,0.0053,0.0039,0.0191,0.0913,0.1026,0.4015,0.0001,0.0001,0.0005,0.0042,0.0025,0.0109,0.1563,0.1053,0.4308,0.0183,0.0178,0.0794,0.0,0.0,0.0,0.0,0.0,0.0,0.0151,0.0147,0.0588,0.0114,0.0078,0.0294,0.0449,0.0532,0.2453,0.0724,0.0771,0.3325,0.1098,0.0391,0.1773,0.0769,0.0431,0.1794,0.044,0.0853,0.2969,0.0002,0.0002,0.0006,0.011,0.0104,0.0522,0.0636,0.0191,0.108,0.0026,0.0042,0.0203,0.0091,0.0059,0.0158,0.2265,0.2281,0.5654,0.1499,0.1445,0.3871,0.0005,0.0004,0.0013,0.0023,0.002,0.006,0.1316,0.1249,0.2997,0.0845,0.0785,0.2012,0.0,0.0,0.0,0.0,0.0,0.0,0.1882,0.1859,0.4656,0.0,0.0,0.0,0.006,0.0015,0.0096,0.0418,0.0952,0.0913,0.1026,0.4015,0.3302,0.054,0.0322,0.5228,0.0128,0.492,0.3354,0.1908,0.81,0.86,1.02,5.0,0.24,2.27,0.44
Y4-031,4th Year,Quiz,Numerical Analysis,AM,Morning,Lisod,,2,Unpleasant,3,Moderate,Stress/Anxiety,Difficult / Challenging,9/30/2026,Y4-031_Y4_AM_Lisod.mov,30.0,21,21,0.7,1.0,0.0,0.0,0.0,0.127,0.0473,0.2007,0.1026,0.0389,0.2141,0.0069,0.0048,0.0238,0.0405,0.0138,0.0698,0.0641,0.0206,0.1031,0.0001,0.0001,0.0004,0.0,0.0,0.0,0.0,0.0,0.0,0.2415,0.0937,0.4542,0.1938,0.0858,0.3333,0.3336,0.1024,0.5295,0.3386,0.1094,0.563,0.0151,0.0192,0.0916,0.2392,0.088,0.4059,0.2411,0.0752,0.3661,0.0295,0.0193,0.1009,0.0324,0.0215,0.0883,0.0325,0.0223,0.0917,0.4736,0.052,0.5443,0.5255,0.0492,0.627,0.0035,0.0015,0.0067,0.0046,0.0031,0.0107,0.0003,0.0002,0.0007,0.0001,0.0,0.0002,0.0183,0.0242,0.0773,0.0008,0.0009,0.0025,0.0019,0.0017,0.0056,0.0019,0.0011,0.0053,0.0006,0.0004,0.0016,0.0005,0.0003,0.0013,0.0006,0.0004,0.0015,0.017,0.0106,0.0375,0.0008,0.0009,0.0031,0.005,0.0077,0.024,0.0094,0.015,0.0499,0.0215,0.009,0.0447,0.0057,0.0029,0.011,0.1758,0.1118,0.3886,0.009,0.0152,0.0619,0.0012,0.0011,0.0042,0.0022,0.0026,0.0096,0.0022,0.0017,0.0063,0.0217,0.0094,0.0392,0.4841,0.1233,0.7275,0.3688,0.1291,0.6179,0.035,0.0215,0.0838,0.0876,0.0401,0.1646,0.0555,0.0877,0.2483,0.0759,0.1195,0.3357,0.0,0.0,0.0,0.0,0.0,0.0,0.4265,0.1235,0.6727,0.0005,0.0004,0.0013,0.1148,0.0407,0.1836,0.0069,0.0238,0.0183,0.0242,0.0773,0.4996,0.0328,0.0309,0.4349,0.0588,0.3478,0.1367,0.1245,0.3228,2.11,4.0,-8.5,1.02,2.04,0.84
Y4-032,4th Year,Quiz,Numerical Analysis,AM,Morning,Libog,,3,Neutral,4,High,Stress/Anxiety,Confused / Perplexed,9/30/2026,Y4-032_Y4_AM_Libog.mov,30.0,19,19,0.6333,1.0,0.0,0.0,0.0,0.002,0.0005,0.0028,0.0008,0.0003,0.0015,0.3316,0.0478,0.428,0.4044,0.0457,0.5182,0.3846,0.0329,0.449,0.0,0.0,0.0001,0.0,0.0,0.0,0.0,0.0,0.0,0.122,0.0142,0.1497,0.0912,0.0225,0.1275,0.0828,0.0219,0.139,0.0969,0.0228,0.1545,0.0794,0.0126,0.1086,0.0405,0.0055,0.0485,0.0641,0.0076,0.0748,0.0934,0.0116,0.1175,0.1187,0.0296,0.1727,0.1129,0.0298,0.1669,0.4549,0.0223,0.4901,0.3801,0.0344,0.4471,0.007,0.0007,0.0086,0.0068,0.0024,0.0134,0.0002,0.0002,0.0009,0.0006,0.0003,0.0014,0.0058,0.008,0.0293,0.0006,0.0013,0.0046,0.0009,0.0006,0.0024,0.0098,0.0113,0.0387,0.0024,0.0016,0.0076,0.0,0.0,0.0001,0.0,0.0,0.0001,0.0078,0.0075,0.0277,0.0005,0.0002,0.001,0.0065,0.0137,0.047,0.0184,0.0453,0.1558,0.0283,0.0169,0.0643,0.0122,0.0063,0.0322,0.1381,0.1295,0.4833,0.008,0.0047,0.0183,0.0008,0.0002,0.0012,0.0025,0.0018,0.007,0.0007,0.0004,0.0016,0.004,0.0043,0.0158,0.0047,0.008,0.0271,0.0028,0.0042,0.0144,0.001,0.0005,0.002,0.0025,0.0027,0.0098,0.0039,0.0106,0.0361,0.0014,0.0037,0.0124,0.0,0.0,0.0,0.0,0.0,0.0,0.0037,0.0061,0.0207,0.0,0.0,0.0001,0.0014,0.0004,0.0021,0.3316,0.428,0.0058,0.008,0.0293,0.4175,0.0013,0.0125,0.5293,0.0083,0.5173,0.0525,0.0944,0.3054,3.52,0.49,0.91,0.51,-0.09,0.69
Y4-033,4th Year,Quiz,Numerical Analysis,AM,Morning,Hilom,,3,Neutral,5,Very High,Neutral,Quiet / Silent,9/30/2026,Y4-033_Y4_AM_Hilom.mov,30.0,24,24,0.8,1.0,0.0,0.0,0.0,0.0023,0.0018,0.0056,0.0021,0.0023,0.0085,0.4159,0.2383,0.7731,0.3271,0.1514,0.6638,0.3928,0.1375,0.6418,0.0001,0.0001,0.0004,0.0,0.0,0.0,0.0,0.0,0.0,0.3024,0.1596,0.722,0.3261,0.1634,0.7534,0.6143,0.0899,0.8212,0.5908,0.1043,0.8561,0.0731,0.0194,0.1335,0.0819,0.0476,0.2433,0.0723,0.0232,0.1414,0.0755,0.0283,0.145,0.0154,0.0045,0.0244,0.0088,0.0036,0.0153,0.4469,0.0988,0.7443,0.2706,0.0913,0.5455,0.0048,0.0018,0.0072,0.0034,0.0023,0.0091,0.0005,0.0009,0.0027,0.0002,0.0001,0.0004,0.0039,0.0066,0.0213,0.0002,0.0004,0.0015,0.0002,0.0002,0.0006,0.0191,0.009,0.0484,0.0103,0.0042,0.0195,0.0036,0.0036,0.0154,0.004,0.0043,0.0189,0.0043,0.0066,0.0212,0.0003,0.0002,0.0008,0.0289,0.0622,0.2285,0.0497,0.1057,0.3804,0.2044,0.1213,0.4365,0.0916,0.049,0.173,0.0063,0.0044,0.0167,0.0052,0.0042,0.0162,0.0051,0.0022,0.0099,0.0016,0.0014,0.0062,0.1215,0.0987,0.2979,0.0375,0.016,0.0783,0.2557,0.1479,0.5926,0.2513,0.1492,0.6057,0.0182,0.0203,0.0944,0.053,0.064,0.2436,0.1002,0.1789,0.523,0.1125,0.199,0.6358,0.0,0.0,0.0,0.0,0.0,0.0,0.2535,0.1475,0.5991,0.0038,0.004,0.0171,0.0022,0.002,0.0071,0.4159,0.7731,0.0039,0.0066,0.0213,0.3588,0.0532,0.0506,0.3933,0.0755,0.1923,0.1307,0.1665,0.4589,-12.99,3.08,-11.05,4.97,2.98,1.98
Y4-034,4th Year,Quiz,Numerical Analysis,AM,Morning,Kapoy,,3,Neutral,3,Moderate,Fatigue,Tired / Exhausted,9/30/2026,Y4-034_Y4_AM_Kapoy.mov,30.0,25,25,0.8333,1.0,0.0,0.0,0.0,0.0346,0.016,0.063,0.0469,0.0219,0.0994,0.0194,0.0076,0.036,0.0603,0.0158,0.0879,0.0374,0.0126,0.0704,0.0006,0.0007,0.0025,0.0,0.0,0.0,0.0,0.0,0.0,0.1917,0.0219,0.2544,0.2087,0.0187,0.2522,0.254,0.0705,0.412,0.2516,0.0654,0.3819,0.0392,0.0322,0.0977,0.1607,0.1118,0.3912,0.1715,0.1045,0.3898,0.0522,0.0329,0.1125,0.0578,0.021,0.1035,0.0455,0.0198,0.0893,0.5292,0.0542,0.6304,0.4955,0.0607,0.6205,0.0051,0.0014,0.008,0.0027,0.0008,0.0045,0.0008,0.0006,0.0019,0.0107,0.0213,0.0924,0.1513,0.1017,0.327,0.0001,0.0,0.0002,0.0081,0.0041,0.0158,0.006,0.0033,0.0143,0.0406,0.0217,0.0869,0.0193,0.04,0.1416,0.0125,0.0253,0.0876,0.0117,0.0094,0.0309,0.0008,0.0004,0.0016,0.0854,0.0855,0.3254,0.0848,0.08,0.2268,0.0377,0.0458,0.2115,0.1383,0.0956,0.4089,0.0129,0.0108,0.0384,0.0008,0.0004,0.0017,0.0307,0.044,0.1639,0.026,0.0273,0.116,0.0168,0.0305,0.1158,0.0093,0.0045,0.0236,0.3433,0.291,0.7321,0.4441,0.3481,0.8632,0.0355,0.0752,0.3073,0.0289,0.0563,0.2524,0.2138,0.2092,0.6491,0.3521,0.3001,0.7698,0.0,0.0,0.0,0.0,0.0,0.0,0.3937,0.3188,0.7892,0.0159,0.0326,0.1146,0.0407,0.0184,0.0812,0.0194,0.036,0.1513,0.1017,0.327,0.5124,0.1415,0.0504,0.4409,0.015,0.4075,0.367,0.1849,0.6103,-2.72,2.05,-3.3,0.51,5.6,0.7
Y4-035,4th Year,Quiz,Numerical Analysis,AM,Morning,Mamatay,Wanna go erk and forget,1,Very Unpleasant,3,Moderate,Fatigue,Dying / Drained,9/30/2026,Y4-035_Y4_AM_Mamatay.mov,30.0,22,22,0.7333,1.0,0.0,0.0,0.0,0.0833,0.0327,0.1393,0.0741,0.0245,0.1132,0.0087,0.0038,0.0176,0.0332,0.0116,0.0548,0.06,0.0191,0.1128,0.0003,0.0001,0.0004,0.0,0.0,0.0,0.0,0.0,0.0,0.1631,0.0199,0.1942,0.0598,0.0161,0.0982,0.1228,0.0294,0.2044,0.0958,0.0283,0.1782,0.0914,0.0269,0.153,0.0579,0.0147,0.0885,0.0498,0.0143,0.0857,0.0922,0.0276,0.1563,0.1049,0.0257,0.156,0.1192,0.0285,0.1749,0.4714,0.0299,0.5607,0.5549,0.05,0.6254,0.0065,0.0009,0.0081,0.0132,0.0048,0.0259,0.001,0.0004,0.0017,0.0011,0.0003,0.0018,0.0398,0.0223,0.0722,0.0005,0.0003,0.0013,0.0006,0.0003,0.0012,0.0134,0.0108,0.0436,0.0083,0.0039,0.0179,0.0,0.0,0.0001,0.0,0.0,0.0001,0.0236,0.01,0.0406,0.0039,0.0013,0.0073,0.187,0.1511,0.4769,0.227,0.1807,0.5571,0.0384,0.016,0.0886,0.0358,0.0088,0.0548,0.015,0.0052,0.0332,0.0001,0.0001,0.0005,0.0037,0.0016,0.0065,0.0212,0.01,0.0375,0.0004,0.0002,0.0011,0.0089,0.0041,0.0167,0.6643,0.1654,0.7949,0.5843,0.1549,0.687,0.0088,0.0036,0.0178,0.0049,0.0023,0.0105,0.1177,0.0899,0.2338,0.1122,0.0879,0.2518,0.0,0.0,0.0,0.0,0.0,0.0,0.6243,0.1599,0.7409,0.0,0.0,0.0001,0.0787,0.0281,0.1243,0.0087,0.0176,0.0398,0.0223,0.0722,0.5132,0.0575,0.0258,0.4653,0.0102,0.4475,0.316,0.1229,0.4865,-3.11,0.85,-12.29,0.5,-11.42,0.55
Y4-036,4th Year,Quiz,Numerical Analysis,AM,Morning,Kapoy,,1,Very Unpleasant,1,Very Low,Fatigue,Tired / Exhausted,9/30/2026,Y4-036_Y4_AM_Kapoy.mov,30.0,26,26,0.8667,1.0,0.0,0.0,0.0,0.0974,0.0332,0.1709,0.0392,0.0151,0.0761,0.0742,0.028,0.1149,0.0417,0.017,0.0863,0.0934,0.0246,0.1371,0.0002,0.0001,0.0004,0.0,0.0,0.0,0.0,0.0,0.0,0.2711,0.0441,0.3815,0.1671,0.0393,0.245,0.3532,0.0991,0.4653,0.349,0.0958,0.4622,0.063,0.0605,0.2067,0.2544,0.2571,0.7203,0.2639,0.2531,0.7179,0.0748,0.0612,0.2239,0.0313,0.0161,0.0817,0.0305,0.0153,0.078,0.4335,0.0472,0.5134,0.4517,0.0392,0.5523,0.0038,0.0008,0.0049,0.0047,0.0018,0.0087,0.0011,0.0007,0.0021,0.0001,0.0,0.0001,0.0055,0.007,0.0279,0.002,0.0049,0.0246,0.0001,0.0001,0.0004,0.0464,0.0634,0.2258,0.0037,0.0023,0.0108,0.0018,0.002,0.0062,0.0016,0.0019,0.0061,0.0058,0.0037,0.0127,0.0043,0.0023,0.0097,0.1306,0.1391,0.5952,0.2021,0.1986,0.7882,0.1305,0.136,0.4297,0.0276,0.0175,0.0767,0.0144,0.0136,0.0619,0.0004,0.0007,0.0027,0.0074,0.0051,0.0176,0.0046,0.0029,0.0123,0.0146,0.0306,0.1569,0.0202,0.0081,0.0364,0.491,0.3171,0.8401,0.4029,0.3004,0.7619,0.039,0.0309,0.1014,0.0299,0.0192,0.0865,0.4516,0.3653,0.895,0.4046,0.3394,0.8114,0.0,0.0,0.0,0.0,0.0,0.0,0.447,0.3079,0.801,0.0017,0.002,0.0061,0.0683,0.0227,0.1196,0.0742,0.1149,0.0055,0.007,0.0279,0.4426,0.214,0.0608,0.4335,0.029,0.3642,0.3034,0.1934,0.6657,-8.48,2.88,-13.85,4.08,2.91,1.7
Y4-037,4th Year,Quiz,Numerical Analysis,AM,Morning,Kapoy,Tired,1,Very Unpleasant,1,Very Low,Fatigue,Tired / Exhausted,9/30/2026,Y4-037_Y4_AM_Kapoy.mov,30.0,30,30,1.0,1.0,0.0,0.0,0.0,0.0086,0.0072,0.0288,0.0075,0.0075,0.0315,0.3247,0.16,0.6732,0.1664,0.1408,0.5171,0.2029,0.16,0.5305,0.0,0.0,0.0002,0.0,0.0,0.0,0.0,0.0,0.0,0.291,0.1911,0.7806,0.2462,0.1625,0.6976,0.4278,0.1631,0.7992,0.4098,0.1645,0.8039,0.0328,0.0382,0.1609,0.2326,0.1256,0.4344,0.2289,0.1234,0.4239,0.0314,0.0387,0.164,0.0257,0.0121,0.0462,0.0218,0.0113,0.0446,0.2764,0.0757,0.5048,0.2984,0.0903,0.5104,0.0047,0.0025,0.011,0.0046,0.0033,0.0173,0.0001,0.0002,0.0009,0.001,0.0005,0.0028,0.025,0.0659,0.2786,0.0003,0.0007,0.0029,0.0005,0.0004,0.0014,0.0098,0.0052,0.0201,0.0023,0.0012,0.0056,0.0052,0.0123,0.0637,0.0073,0.0178,0.0926,0.0074,0.0078,0.0297,0.0015,0.0008,0.0031,0.0191,0.0529,0.216,0.0281,0.0756,0.2868,0.0372,0.0481,0.1938,0.0196,0.0335,0.1445,0.0858,0.0781,0.2604,0.001,0.0004,0.002,0.0096,0.019,0.0787,0.0034,0.0046,0.0181,0.0126,0.0218,0.0793,0.0195,0.0157,0.0764,0.0021,0.0016,0.0056,0.0017,0.0013,0.0048,0.0023,0.003,0.0156,0.0082,0.0082,0.0379,0.0102,0.0206,0.0726,0.0062,0.0129,0.0458,0.0,0.0,0.0,0.0,0.0,0.0,0.0019,0.0014,0.0051,0.0063,0.0151,0.0782,0.0081,0.0073,0.0301,0.3247,0.6732,0.025,0.0659,0.2786,0.2874,0.0041,0.0421,0.4465,0.097,0.1994,0.1404,0.171,0.6832,-10.08,3.13,-6.58,1.73,-1.02,1.84
Y4-038,4th Year,Quiz,Numerical Analysis,AM,Morning,Labad,,1,Very Unpleasant,3,Moderate,Fatigue,Headache / Stressed,9/30/2026,Y4-038_Y4_AM_Labad.mov,30.0,26,26,0.8667,1.0,0.0,0.0,0.0,0.0916,0.0888,0.2288,0.0625,0.0632,0.1761,0.1297,0.2256,0.686,0.1308,0.1856,0.6237,0.1056,0.1366,0.4975,0.0,0.0,0.0001,0.0,0.0,0.0,0.0,0.0,0.0,0.1418,0.043,0.2121,0.1434,0.0554,0.2354,0.2912,0.0846,0.4039,0.2809,0.0697,0.3678,0.1583,0.1319,0.3534,0.0919,0.0837,0.2761,0.0935,0.0962,0.316,0.1461,0.1424,0.3418,0.0344,0.0181,0.0893,0.0296,0.0197,0.0953,0.3831,0.0564,0.4655,0.2752,0.0483,0.3481,0.0066,0.0053,0.0242,0.0057,0.0049,0.0201,0.0001,0.0001,0.0006,0.0021,0.0016,0.0059,0.0642,0.0955,0.2845,0.0002,0.0003,0.0008,0.0043,0.0048,0.0158,0.0087,0.005,0.0203,0.0171,0.0128,0.0471,0.0016,0.0032,0.0117,0.0013,0.0026,0.0106,0.0111,0.0206,0.0788,0.0003,0.0002,0.0008,0.0075,0.0162,0.0797,0.0106,0.0204,0.0956,0.1192,0.1092,0.3101,0.079,0.0614,0.2012,0.0916,0.1567,0.5808,0.0061,0.005,0.0279,0.0186,0.0221,0.108,0.0194,0.028,0.1239,0.0349,0.049,0.1906,0.0063,0.0046,0.0215,0.0045,0.0048,0.0161,0.0044,0.0045,0.0139,0.0029,0.0033,0.012,0.0015,0.0016,0.0062,0.0005,0.0008,0.0039,0.0006,0.0011,0.0048,0.0,0.0,0.0,0.0,0.0,0.0,0.0045,0.0047,0.015,0.0014,0.0029,0.0111,0.077,0.0758,0.2024,0.1297,0.686,0.0642,0.0955,0.2845,0.3292,0.0003,0.0422,0.5134,0.0361,0.4665,0.1238,0.1585,0.457,-1.35,1.8,-4.53,4.22,-2.88,2.61
Y4-039,4th Year,Quiz,Numerical Analysis,AM,Morning,Kamatuoran,,3,Neutral,2,Low,Neutral,Truth / Acceptance,9/30/2026,Y4-039_Y4_AM_Kamatuoran.mov,30.0,25,25,0.8333,1.0,0.0,0.0,0.0,0.0217,0.027,0.0915,0.029,0.0279,0.0878,0.1199,0.1224,0.5337,0.14,0.1067,0.4697,0.0509,0.0409,0.2148,0.0001,0.0001,0.0003,0.0,0.0,0.0,0.0,0.0,0.0,0.1469,0.0331,0.2156,0.1573,0.0232,0.1962,0.4249,0.0579,0.5528,0.3937,0.0571,0.5405,0.0413,0.0083,0.067,0.1056,0.0142,0.1289,0.0975,0.0146,0.1301,0.0307,0.0067,0.0426,0.0193,0.0037,0.0251,0.0163,0.0039,0.0221,0.2465,0.035,0.2871,0.2708,0.0322,0.3191,0.0075,0.0022,0.0138,0.0036,0.001,0.0062,0.0013,0.0012,0.0035,0.0031,0.0029,0.0116,0.0204,0.0215,0.0738,0.0,0.0,0.0001,0.0002,0.0001,0.0004,0.0072,0.0038,0.0166,0.0099,0.0075,0.0277,0.0004,0.0007,0.003,0.0004,0.0006,0.0027,0.0148,0.014,0.0531,0.0029,0.0028,0.0104,0.1852,0.2097,0.5914,0.2034,0.2331,0.6647,0.0391,0.0357,0.1602,0.0595,0.0454,0.1416,0.0272,0.0423,0.1384,0.0003,0.0002,0.0009,0.0022,0.0013,0.0045,0.0063,0.0051,0.0201,0.0013,0.002,0.0092,0.0157,0.0117,0.0525,0.0341,0.0431,0.1274,0.0363,0.0474,0.1422,0.0064,0.0063,0.0215,0.0057,0.0053,0.0187,0.0761,0.084,0.2497,0.097,0.1033,0.2868,0.0,0.0,0.0,0.0,0.0,0.0,0.0352,0.045,0.1298,0.0004,0.0006,0.0029,0.0254,0.0273,0.0896,0.1199,0.5337,0.0204,0.0215,0.0738,0.2587,0.0433,0.0298,0.5012,0.0137,0.4847,0.2893,0.1598,0.5512,-1.38,1.17,-0.85,0.56,-5.22,0.26
Y4-040,4th Year,Quiz,Numerical Analysis,AM,Morning,Hangak,,2,Unpleasant,1,Very Low,Fatigue,Breathless / Gasping,9/30/2026,Y4-040_Y4_AM_Hangak.mov,30.0,30,30,1.0,1.0,0.0,0.0,0.0,0.0589,0.0417,0.1745,0.0318,0.0177,0.0659,0.0682,0.0957,0.4694,0.1286,0.1193,0.5506,0.1819,0.1013,0.5618,0.0007,0.0001,0.001,0.0,0.0,0.0,0.0,0.0,0.0,0.1456,0.0262,0.1958,0.0777,0.0221,0.1308,0.0617,0.0337,0.153,0.0672,0.0396,0.1735,0.0366,0.026,0.1205,0.0696,0.0509,0.1768,0.1677,0.0527,0.2585,0.156,0.1047,0.4067,0.1919,0.0625,0.284,0.1621,0.057,0.2542,0.4854,0.0773,0.566,0.371,0.0444,0.4442,0.0058,0.0012,0.0102,0.0103,0.0052,0.0274,0.0009,0.0003,0.0014,0.0001,0.0,0.0001,0.2088,0.1527,0.4788,0.0406,0.0492,0.145,0.0022,0.0008,0.0033,0.0098,0.0051,0.0304,0.0033,0.0029,0.0151,0.0014,0.0012,0.0042,0.0012,0.0011,0.0037,0.0196,0.0164,0.0561,0.0077,0.0069,0.0311,0.2116,0.1356,0.4985,0.3019,0.1334,0.5556,0.0183,0.0093,0.0382,0.0132,0.0064,0.0312,0.0119,0.0094,0.0361,0.0001,0.0001,0.0003,0.0039,0.0028,0.0104,0.0104,0.0048,0.0184,0.002,0.0013,0.0055,0.01,0.0034,0.0188,0.8019,0.0948,0.9064,0.7423,0.0971,0.8734,0.0908,0.071,0.2296,0.0373,0.0335,0.0977,0.7217,0.169,0.9185,0.6732,0.1462,0.8771,0.0,0.0,0.0,0.0,0.0,0.0,0.7721,0.095,0.8899,0.0013,0.0012,0.0039,0.0453,0.0293,0.1202,0.0682,0.4694,0.2088,0.1527,0.4788,0.4282,0.3487,0.041,0.5536,0.0294,0.4983,0.6013,0.2212,1.0276,-0.88,3.22,-10.22,1.57,-2.55,2.37
