filename,error
Y4-002_Y4_PM_Lutang.mov,Input timestamp must be monotonically increasing.
Y4-003_Y4_PM_Libog.mov,Input timestamp must be monotonically increasing.
Y4-004_Y4_PM_Okay.mov,Input timestamp must be monotonically increasing.
Y4-005_Y4_PM_Hapsay.mov,Input timestamp must be monotonically increasing.
Y4-006_Y4_PM_Kapuliki.mov,Input timestamp must be monotonically increasing.
Y4-007_Y4_AM_Nahuwasan.mov,Input timestamp must be monotonically increasing.
Y4-008_Y4_AM_Chuy.mov,Input timestamp must be monotonically increasing.
Y4-009_Y4_AM_Gakaguol.mov,Input timestamp must be monotonically increasing.
Y4-010_Y4_AM_Hapsay.mov,Input timestamp must be monotonically increasing.
Y4-011_Y4_AM_Kapoy.mov,Input timestamp must be monotonically increasing.
Y4-012_Y4_AM_Okay.mov,Input timestamp must be monotonically increasing.
Y4-013_Y4_AM_Kapoy.mov,Input timestamp must be monotonically increasing.
Y4-014_Y4_AM_Relibo.mov,Input timestamp must be monotonically increasing.
Y4-015_Y4_AM_Kapoy.mov,Input timestamp must be monotonically increasing.
Y4-016_Y4_AM_Kulba.mov,Input timestamp must be monotonically increasing.
Y4-017_Y4_AM_Gihigugma.mov,Input timestamp must be monotonically increasing.
Y4-018_Y4_AM_Lingaw.mov,Input timestamp must be monotonically increasing.
Y4-019_Y4_AM_Kaguol.mov,Input timestamp must be monotonically increasing.
Y4-020_Y4_AM_Kulba.mov,Input timestamp must be monotonically increasing.
Y4-021_Y4_AM_Gaduha-duha.mov,Input timestamp must be monotonically increasing.
Y4-022_Y4_AM_Ambot.mov,Input timestamp must be monotonically increasing.
Y4-023_Y4_AM_Kapoy.mov,Input timestamp must be monotonically increasing.
Y4-024_Y4_AM_Okay.mov,Input timestamp must be monotonically increasing.
Y4-025_Y4_AM_Kapoy.mov,Input timestamp must be monotonically increasing.
Y4-026_Y4_AM_Lisod.mov,Input timestamp must be monotonically increasing.
Y4-027_Y4_AM_Kapoy.mov,Input timestamp must be monotonically increasing.
Y4-028_Y4_AM_Kapoy.mov,Input timestamp must be monotonically increasing.
Y4-029_Y4_AM_Pildi.mov,Input timestamp must be monotonically increasing.
Y4-030_Y4_AM_Kapoy.mov,Input timestamp must be monotonically increasing.
Y4-031_Y4_AM_Lisod.mov,Input timestamp must be monotonically increasing.
Y4-032_Y4_AM_Libog.mov,Input timestamp must be monotonically increasing.
Y4-033_Y4_AM_Hilom.mov,Input timestamp must be monotonically increasing.
Y4-034_Y4_AM_Kapoy.mov,Input timestamp must be monotonically increasing.
Y4-035_Y4_AM_Mamatay.mov,Input timestamp must be monotonically increasing.
Y4-036_Y4_AM_Kapoy.mov,Input timestamp must be monotonically increasing.
Y4-037_Y4_AM_Kapoy.mov,Input timestamp must be monotonically increasing.
Y4-038_Y4_AM_Labad.mov,Input timestamp must be monotonically increasing.
Y4-039_Y4_AM_Kamatuoran.mov,Input timestamp must be monotonically increasing.
Y4-040_Y4_AM_Hangak.mov,Input timestamp must be monotonically increasing.
