participant_code,column,stored,recomputed,absolute_difference
Y4-005,face_browDownLeft_mean,0.1227,0.1228,0.00010000000000000286
Y4-012,face_browDownLeft_mean,0.0625,0.0624,0.00010000000000000286
Y4-014,face_browDownLeft_mean,0.0065,0.0066,0.00010000000000000026
Y4-031,face_browDownLeft_std,0.0473,0.0474,9.999999999999593e-05
Y4-036,face_browDownLeft_std,0.0332,0.0331,0.00010000000000000286
Y4-003,face_browDownLeft_max,0.034,0.0341,9.999999999999593e-05
Y4-009,face_browDownLeft_max,0.0665,0.0664,0.00010000000000000286
Y4-010,face_browDownLeft_max,0.0481,0.0482,0.00010000000000000286
Y4-011,face_browDownLeft_max,0.1114,0.1113,0.00010000000000000286
Y4-017,face_browDownLeft_max,0.4988,0.4989,9.999999999998899e-05
Y4-023,face_browDownLeft_max,0.0728,0.0727,0.00010000000000000286
Y4-027,face_browDownLeft_max,0.0527,0.0528,0.00010000000000000286
Y4-031,face_browDownLeft_max,0.2007,0.2006,9.999999999998899e-05
Y4-034,face_browDownLeft_max,0.063,0.0629,0.00010000000000000286
Y4-038,face_browDownLeft_max,0.2288,0.2289,9.999999999998899e-05
Y4-040,face_browDownLeft_max,0.1745,0.1746,0.00010000000000001674
Y4-038,face_browDownRight_mean,0.0625,0.0624,0.00010000000000000286
Y4-019,face_browDownRight_std,0.0025,0.0024,0.00010000000000000026
Y4-003,face_browDownRight_max,0.0405,0.0404,0.00010000000000000286
Y4-012,face_browDownRight_max,0.0852,0.0851,0.00010000000000000286
Y4-023,face_browDownRight_max,0.0649,0.065,0.00010000000000000286
Y4-034,face_browDownRight_max,0.0994,0.0993,0.00010000000000000286
Y4-035,face_browDownRight_max,0.1132,0.1133,0.00010000000000000286
Y4-036,face_browDownRight_max,0.0761,0.076,0.00010000000000000286
Y4-001,face_browInnerUp_mean,0.0089,0.0088,9.99999999999994e-05
Y4-024,face_browInnerUp_mean,0.2661,0.2662,9.999999999998899e-05
Y4-025,face_browInnerUp_mean,0.091,0.0911,0.00010000000000000286
Y4-037,face_browInnerUp_mean,0.3247,0.3248,9.999999999998899e-05
Y4-040,face_browInnerUp_mean,0.0682,0.0681,0.00010000000000000286
Y4-027,face_browInnerUp_std,0.0474,0.0473,9.999999999999593e-05
Y4-033,face_browInnerUp_std,0.2383,0.2384,9.999999999998899e-05
Y4-005,face_browInnerUp_max,0.2262,0.2264,0.00019999999999997797
Y4-007,face_browInnerUp_max,0.2373,0.2372,0.00010000000000001674
Y4-013,face_browInnerUp_max,0.4293,0.4292,9.999999999998899e-05
Y4-014,face_browInnerUp_max,0.3283,0.3285,0.00020000000000003348
Y4-016,face_browInnerUp_max,0.8518,0.8519,9.999999999998899e-05
Y4-019,face_browInnerUp_max,0.7087,0.7088,9.999999999998899e-05
Y4-022,face_browInnerUp_max,0.6537,0.6538,0.00010000000000010001
Y4-024,face_browInnerUp_max,0.4234,0.4238,0.00040000000000001146
Y4-025,face_browInnerUp_max,0.1937,0.1938,9.999999999998899e-05
Y4-026,face_browInnerUp_max,0.6236,0.6237,9.999999999998899e-05
Y4-028,face_browInnerUp_max,0.1559,0.156,9.999999999998899e-05
Y4-030,face_browInnerUp_max,0.0952,0.0951,0.00010000000000000286
Y4-031,face_browInnerUp_max,0.0238,0.0239,9.99999999999994e-05
Y4-032,face_browInnerUp_max,0.428,0.4279,9.999999999998899e-05
Y4-036,face_browInnerUp_max,0.1149,0.115,0.00010000000000000286
Y4-040,face_browInnerUp_max,0.4694,0.4693,9.999999999998899e-05
Y4-003,face_browOuterUpLeft_mean,0.1134,0.1133,0.00010000000000000286
Y4-012,face_browOuterUpLeft_mean,0.092,0.0921,0.00010000000000000286
Y4-033,face_browOuterUpLeft_mean,0.3271,0.327,9.999999999998899e-05
Y4-003,face_browOuterUpLeft_std,0.0256,0.0257,9.99999999999994e-05
Y4-023,face_browOuterUpLeft_std,0.0395,0.0394,0.00010000000000000286
Y4-029,face_browOuterUpLeft_std,0.0533,0.0534,0.00010000000000000286
Y4-032,face_browOuterUpLeft_std,0.0457,0.0456,9.999999999999593e-05
Y4-039,face_browOuterUpLeft_std,0.1067,0.1068,0.00010000000000000286
Y4-006,face_browOuterUpLeft_max,0.7307,0.7309,0.00019999999999997797
Y4-008,face_browOuterUpLeft_max,0.3436,0.3435,9.999999999998899e-05
Y4-012,face_browOuterUpLeft_max,0.5192,0.5193,9.999999999998899e-05
Y4-013,face_browOuterUpLeft_max,0.4317,0.4316,9.999999999998899e-05
Y4-019,face_browOuterUpLeft_max,0.7915,0.7913,0.00019999999999997797
Y4-020,face_browOuterUpLeft_max,0.2598,0.2597,9.999999999998899e-05
Y4-023,face_browOuterUpLeft_max,0.1648,0.1647,9.999999999998899e-05
Y4-024,face_browOuterUpLeft_max,0.4807,0.4806,9.999999999998899e-05
Y4-025,face_browOuterUpLeft_max,0.2323,0.2322,0.00010000000000001674
Y4-030,face_browOuterUpLeft_max,0.3112,0.3111,9.999999999998899e-05
Y4-031,face_browOuterUpLeft_max,0.0698,0.0699,0.00010000000000000286
Y4-032,face_browOuterUpLeft_max,0.5182,0.5179,0.00029999999999996696
Y4-033,face_browOuterUpLeft_max,0.6638,0.6637,9.999999999998899e-05
Y4-040,face_browOuterUpLeft_max,0.5506,0.5507,9.999999999998899e-05
Y4-014,face_browOuterUpRight_mean,0.0686,0.0685,9.999999999998899e-05
Y4-015,face_browOuterUpRight_mean,0.4117,0.4116,9.999999999998899e-05
Y4-022,face_browOuterUpRight_mean,0.273,0.2729,0.0001000000000000445
Y4-024,face_browOuterUpRight_mean,0.3169,0.317,9.999999999998899e-05
Y4-034,face_browOuterUpRight_mean,0.0374,0.0373,0.00010000000000000286
Y4-026,face_browOuterUpRight_std,0.0545,0.0544,0.00010000000000000286
Y4-030,face_browOuterUpRight_std,0.0296,0.0295,0.00010000000000000286
Y4-038,face_browOuterUpRight_std,0.1366,0.1365,9.999999999998899e-05
Y4-001,face_browOuterUpRight_max,0.1611,0.1612,0.00010000000000001674
Y4-006,face_browOuterUpRight_max,0.575,0.5751,9.999999999998899e-05
Y4-008,face_browOuterUpRight_max,0.1863,0.1862,9.999999999998899e-05
Y4-012,face_browOuterUpRight_max,0.3173,0.3174,9.999999999998899e-05
Y4-015,face_browOuterUpRight_max,0.6201,0.6202,9.999999999998899e-05
Y4-016,face_browOuterUpRight_max,0.7996,0.7997,9.999999999998899e-05
Y4-022,face_browOuterUpRight_max,0.4236,0.4237,0.0001000000000000445
Y4-023,face_browOuterUpRight_max,0.1134,0.1133,0.00010000000000000286
Y4-026,face_browOuterUpRight_max,0.7318,0.7319,9.999999999998899e-05
Y4-030,face_browOuterUpRight_max,0.2571,0.257,9.999999999998899e-05
Y4-033,face_browOuterUpRight_max,0.6418,0.6419,9.999999999998899e-05
Y4-035,face_browOuterUpRight_max,0.1128,0.113,0.00020000000000000573
Y4-040,face_browOuterUpRight_max,0.5618,0.5617,9.999999999998899e-05
Y4-003,face_eyeBlinkLeft_mean,0.2109,0.211,9.999999999998899e-05
Y4-014,face_eyeBlinkLeft_mean,0.0806,0.0807,9.999999999998899e-05
Y4-025,face_eyeBlinkLeft_mean,0.2593,0.2592,9.999999999998899e-05
Y4-032,face_eyeBlinkLeft_mean,0.122,0.1221,0.00010000000000000286
Y4-036,face_eyeBlinkLeft_std,0.0441,0.044,0.00010000000000000286
Y4-039,face_eyeBlinkLeft_std,0.0331,0.0332,0.00010000000000000286
Y4-001,face_eyeBlinkLeft_max,0.6263,0.6262,9.999999999998899e-05
Y4-002,face_eyeBlinkLeft_max,0.195,0.1949,0.00010000000000001674
Y4-003,face_eyeBlinkLeft_max,0.6261,0.626,9.999999999998899e-05
Y4-005,face_eyeBlinkLeft_max,0.3214,0.3213,0.0001000000000000445
Y4-006,face_eyeBlinkLeft_max,0.4444,0.4445,9.999999999998899e-05
Y4-011,face_eyeBlinkLeft_max,0.2951,0.2952,0.0001000000000000445
Y4-012,face_eyeBlinkLeft_max,0.2465,0.2464,9.999999999998899e-05
Y4-013,face_eyeBlinkLeft_max,0.3073,0.3072,0.0001000000000000445
Y4-015,face_eyeBlinkLeft_max,0.6915,0.6914,9.999999999998899e-05
Y4-018,face_eyeBlinkLeft_max,0.6281,0.6282,9.999999999998899e-05
Y4-022,face_eyeBlinkLeft_max,0.2815,0.2813,0.00019999999999997797
Y4-026,face_eyeBlinkLeft_max,0.5538,0.5535,0.00029999999999996696
Y4-029,face_eyeBlinkLeft_max,0.2971,0.297,9.999999999998899e-05
Y4-031,face_eyeBlinkLeft_max,0.4542,0.4541,9.999999999998899e-05
Y4-034,face_eyeBlinkLeft_max,0.2544,0.2543,9.999999999998899e-05
Y4-035,face_eyeBlinkLeft_max,0.1942,0.1943,9.999999999998899e-05
Y4-020,face_eyeBlinkRight_mean,0.2408,0.2407,9.999999999998899e-05
Y4-031,face_eyeBlinkRight_mean,0.1938,0.1937,9.999999999998899e-05
Y4-003,face_eyeBlinkRight_std,0.0993,0.0994,0.00010000000000000286
Y4-016,face_eyeBlinkRight_std,0.024,0.0241,9.99999999999994e-05
Y4-019,face_eyeBlinkRight_std,0.0416,0.0415,9.999999999999593e-05
Y4-023,face_eyeBlinkRight_std,0.0256,0.0257,9.99999999999994e-05
Y4-031,face_eyeBlinkRight_std,0.0858,0.0857,0.00010000000000000286
Y4-001,face_eyeBlinkRight_max,0.5816,0.5815,9.999999999998899e-05
Y4-003,face_eyeBlinkRight_max,0.5625,0.5626,9.999999999998899e-05
Y4-004,face_eyeBlinkRight_max,0.3057,0.3056,0.0001000000000000445
Y4-006,face_eyeBlinkRight_max,0.457,0.4571,9.999999999998899e-05
Y4-013,face_eyeBlinkRight_max,0.2996,0.2995,9.999999999998899e-05
Y4-026,face_eyeBlinkRight_max,0.5719,0.5718,9.999999999998899e-05
Y4-030,face_eyeBlinkRight_max,0.1774,0.1775,9.999999999998899e-05
Y4-032,face_eyeBlinkRight_max,0.1275,0.1274,9.999999999998899e-05
Y4-034,face_eyeBlinkRight_max,0.2522,0.2523,0.0001000000000000445
Y4-035,face_eyeBlinkRight_max,0.0982,0.0981,9.999999999998899e-05
Y4-037,face_eyeBlinkRight_max,0.6976,0.6975,9.999999999998899e-05
Y4-040,face_eyeBlinkRight_max,0.1308,0.1309,9.999999999998899e-05
Y4-003,face_eyeLookDownLeft_mean,0.2399,0.24,9.999999999998899e-05
Y4-017,face_eyeLookDownLeft_mean,0.1734,0.1733,9.999999999998899e-05
Y4-026,face_eyeLookDownLeft_mean,0.5258,0.5257,0.00010000000000010001
Y4-033,face_eyeLookDownLeft_mean,0.6143,0.6142,9.999999999998899e-05
Y4-039,face_eyeLookDownLeft_mean,0.4249,0.4248,9.999999999998899e-05
Y4-002,face_eyeLookDownLeft_std,0.033,0.0329,0.00010000000000000286
Y4-005,face_eyeLookDownLeft_std,0.0526,0.0525,0.00010000000000000286
Y4-015,face_eyeLookDownLeft_std,0.1796,0.1795,0.00010000000000001674
Y4-017,face_eyeLookDownLeft_std,0.0337,0.0336,0.00010000000000000286
Y4-018,face_eyeLookDownLeft_std,0.154,0.1539,9.999999999998899e-05
Y4-027,face_eyeLookDownLeft_std,0.1317,0.1318,9.999999999998899e-05
Y4-029,face_eyeLookDownLeft_std,0.0322,0.0321,0.00010000000000000286
Y4-035,face_eyeLookDownLeft_std,0.0294,0.0293,9.99999999999994e-05
Y4-001,face_eyeLookDownLeft_max,0.6998,0.6997,9.999999999998899e-05
Y4-002,face_eyeLookDownLeft_max,0.1873,0.1871,0.00020000000000000573
Y4-003,face_eyeLookDownLeft_max,0.6322,0.6321,9.999999999998899e-05
Y4-006,face_eyeLookDownLeft_max,0.5047,0.5048,9.999999999998899e-05
Y4-011,face_eyeLookDownLeft_max,0.2617,0.2619,0.00020000000000003348
Y4-012,face_eyeLookDownLeft_max,0.4231,0.423,9.999999999998899e-05
Y4-015,face_eyeLookDownLeft_max,0.724,0.7238,0.00019999999999997797
Y4-017,face_eyeLookDownLeft_max,0.2504,0.2503,9.999999999998899e-05
Y4-022,face_eyeLookDownLeft_max,0.4409,0.4408,9.999999999998899e-05
Y4-024,face_eyeLookDownLeft_max,0.1571,0.157,9.999999999998899e-05
Y4-027,face_eyeLookDownLeft_max,0.4458,0.4461,0.00030000000000002247
Y4-029,face_eyeLookDownLeft_max,0.2696,0.2694,0.00020000000000003348
Y4-032,face_eyeLookDownLeft_max,0.139,0.1391,9.999999999998899e-05
Y4-034,face_eyeLookDownLeft_max,0.412,0.4121,0.0001000000000000445
Y4-035,face_eyeLookDownLeft_max,0.2044,0.2042,0.00020000000000000573
Y4-039,face_eyeLookDownLeft_max,0.5528,0.5527,9.999999999998899e-05
Y4-040,face_eyeLookDownLeft_max,0.153,0.1531,0.00010000000000001674
Y4-025,face_eyeLookDownRight_mean,0.3393,0.3392,9.999999999998899e-05
Y4-034,face_eyeLookDownRight_mean,0.2516,0.2517,9.999999999998899e-05
Y4-035,face_eyeLookDownRight_mean,0.0958,0.0957,0.00010000000000000286
Y4-006,face_eyeLookDownRight_std,0.0812,0.0813,0.00010000000000000286
Y4-027,face_eyeLookDownRight_std,0.1184,0.1185,9.999999999998899e-05
Y4-002,face_eyeLookDownRight_max,0.1752,0.175,0.00020000000000000573
Y4-003,face_eyeLookDownRight_max,0.6401,0.64,9.999999999998899e-05
Y4-004,face_eyeLookDownRight_max,0.1511,0.1512,9.999999999998899e-05
Y4-006,face_eyeLookDownRight_max,0.4954,0.4955,9.999999999998899e-05
Y4-011,face_eyeLookDownRight_max,0.2642,0.2644,0.00020000000000003348
Y4-012,face_eyeLookDownRight_max,0.4037,0.4036,9.999999999998899e-05
Y4-015,face_eyeLookDownRight_max,0.7045,0.7044,9.999999999998899e-05
Y4-017,face_eyeLookDownRight_max,0.2409,0.2407,0.00020000000000000573
Y4-018,face_eyeLookDownRight_max,0.6911,0.691,0.00010000000000010001
Y4-022,face_eyeLookDownRight_max,0.4185,0.4184,9.999999999998899e-05
Y4-027,face_eyeLookDownRight_max,0.409,0.4093,0.00030000000000002247
Y4-029,face_eyeLookDownRight_max,0.2437,0.2436,9.999999999998899e-05
Y4-030,face_eyeLookDownRight_max,0.4515,0.4516,9.999999999998899e-05
Y4-032,face_eyeLookDownRight_max,0.1545,0.1546,9.999999999998899e-05
Y4-033,face_eyeLookDownRight_max,0.8561,0.856,9.999999999998899e-05
Y4-034,face_eyeLookDownRight_max,0.3819,0.382,9.999999999998899e-05
Y4-035,face_eyeLookDownRight_max,0.1782,0.178,0.00020000000000000573
Y4-040,face_eyeLookDownRight_max,0.1735,0.1736,0.00010000000000001674
Y4-004,face_eyeLookInLeft_mean,0.3146,0.3147,9.999999999998899e-05
Y4-005,face_eyeLookInLeft_mean,0.2776,0.2777,9.999999999998899e-05
Y4-016,face_eyeLookInLeft_mean,0.0564,0.0565,0.00010000000000000286
Y4-036,face_eyeLookInLeft_mean,0.063,0.0629,0.00010000000000000286
Y4-020,face_eyeLookInLeft_std,0.0612,0.0611,9.999999999999593e-05
Y4-027,face_eyeLookInLeft_std,0.1675,0.1676,9.999999999998899e-05
Y4-033,face_eyeLookInLeft_std,0.0194,0.0195,9.99999999999994e-05
Y4-038,face_eyeLookInLeft_std,0.1319,0.132,0.00010000000000001674
Y4-001,face_eyeLookInLeft_max,0.6048,0.6046,0.00019999999999997797
Y4-003,face_eyeLookInLeft_max,0.6945,0.6946,9.999999999998899e-05
Y4-004,face_eyeLookInLeft_max,0.5979,0.598,9.999999999998899e-05
Y4-007,face_eyeLookInLeft_max,0.0455,0.0454,9.999999999999593e-05
Y4-011,face_eyeLookInLeft_max,0.3391,0.339,9.999999999998899e-05
Y4-013,face_eyeLookInLeft_max,0.0566,0.0567,0.00010000000000000286
Y4-014,face_eyeLookInLeft_max,0.0691,0.069,9.999999999998899e-05
Y4-016,face_eyeLookInLeft_max,0.2147,0.2146,9.999999999998899e-05
Y4-017,face_eyeLookInLeft_max,0.1358,0.1357,0.00010000000000001674
Y4-020,face_eyeLookInLeft_max,0.2641,0.2639,0.00019999999999997797
Y4-022,face_eyeLookInLeft_max,0.111,0.1111,0.00010000000000000286
Y4-023,face_eyeLookInLeft_max,0.121,0.1209,0.00010000000000000286
Y4-025,face_eyeLookInLeft_max,0.4139,0.414,9.999999999998899e-05
Y4-030,face_eyeLookInLeft_max,0.2902,0.2903,9.999999999998899e-05
Y4-031,face_eyeLookInLeft_max,0.0916,0.0917,0.00010000000000000286
Y4-032,face_eyeLookInLeft_max,0.1086,0.1087,0.00010000000000000286
Y4-034,face_eyeLookInLeft_max,0.0977,0.0978,0.00010000000000000286
Y4-035,face_eyeLookInLeft_max,0.153,0.1529,9.999999999998899e-05
Y4-036,face_eyeLookInLeft_max,0.2067,0.2068,0.00010000000000001674
Y4-007,face_eyeLookInRight_std,0.0318,0.0319,9.999999999999593e-05
Y4-012,face_eyeLookInRight_std,0.0171,0.0172,9.99999999999994e-05
Y4-015,face_eyeLookInRight_std,0.1238,0.1239,0.00010000000000000286
Y4-018,face_eyeLookInRight_std,0.0921,0.0922,0.00010000000000000286
Y4-021,face_eyeLookInRight_std,0.0834,0.0835,0.00010000000000000286
Y4-024,face_eyeLookInRight_std,0.1703,0.1704,9.999999999998899e-05
Y4-003,face_eyeLookInRight_max,0.3524,0.3526,0.00020000000000003348
Y4-004,face_eyeLookInRight_max,0.1373,0.1372,0.00010000000000001674
Y4-005,face_eyeLookInRight_max,0.0783,0.0782,9.999999999998899e-05
Y4-006,face_eyeLookInRight_max,0.1123,0.1122,0.00010000000000000286
Y4-009,face_eyeLookInRight_max,0.0926,0.0925,0.00010000000000000286
Y4-014,face_eyeLookInRight_max,0.1049,0.1048,9.999999999998899e-05
Y4-015,face_eyeLookInRight_max,0.3571,0.3572,0.0001000000000000445
Y4-016,face_eyeLookInRight_max,0.3292,0.3291,9.999999999998899e-05
Y4-018,face_eyeLookInRight_max,0.3224,0.3226,0.00019999999999997797
Y4-020,face_eyeLookInRight_max,0.09,0.0899,0.00010000000000000286
Y4-022,face_eyeLookInRight_max,0.8752,0.8751,9.999999999998899e-05
Y4-023,face_eyeLookInRight_max,0.1868,0.1869,0.00010000000000001674
Y4-025,face_eyeLookInRight_max,0.1814,0.1816,0.00020000000000000573
Y4-029,face_eyeLookInRight_max,0.2026,0.2025,9.999999999998899e-05
Y4-031,face_eyeLookInRight_max,0.4059,0.4061,0.00020000000000003348
Y4-037,face_eyeLookInRight_max,0.4344,0.4343,9.999999999998899e-05
Y4-031,face_eyeLookOutLeft_mean,0.2411,0.241,0.00010000000000001674
Y4-038,face_eyeLookOutLeft_mean,0.0935,0.0936,0.00010000000000000286
Y4-004,face_eyeLookOutLeft_std,0.0905,0.0904,0.00010000000000000286
Y4-029,face_eyeLookOutLeft_std,0.0547,0.0546,9.999999999999593e-05
Y4-003,face_eyeLookOutLeft_max,0.3505,0.3506,0.0001000000000000445
Y4-004,face_eyeLookOutLeft_max,0.3091,0.3088,0.00029999999999996696
Y4-007,face_eyeLookOutLeft_max,0.2728,0.2729,9.999999999998899e-05
Y4-009,face_eyeLookOutLeft_max,0.0896,0.0895,0.00010000000000000286
Y4-011,face_eyeLookOutLeft_max,0.1109,0.1108,0.00010000000000000286
Y4-013,face_eyeLookOutLeft_max,0.2108,0.2109,0.00010000000000001674
Y4-017,face_eyeLookOutLeft_max,0.103,0.1031,0.00010000000000000286
Y4-018,face_eyeLookOutLeft_max,0.2732,0.2733,9.999999999998899e-05
Y4-025,face_eyeLookOutLeft_max,0.1912,0.1915,0.0002999999999999947
Y4-029,face_eyeLookOutLeft_max,0.2736,0.2735,9.999999999998899e-05
Y4-030,face_eyeLookOutLeft_max,0.0952,0.0951,0.00010000000000000286
Y4-031,face_eyeLookOutLeft_max,0.3661,0.3662,0.0001000000000000445
Y4-033,face_eyeLookOutLeft_max,0.1414,0.1415,9.999999999998899e-05
Y4-037,face_eyeLookOutLeft_max,0.4239,0.424,9.999999999998899e-05
Y4-040,face_eyeLookOutLeft_max,0.2585,0.2589,0.00040000000000001146
Y4-001,face_eyeLookOutRight_mean,0.3098,0.3099,9.999999999998899e-05
Y4-004,face_eyeLookOutRight_mean,0.3443,0.3444,9.999999999998899e-05
Y4-019,face_eyeLookOutRight_mean,0.2443,0.2444,0.00010000000000001674
Y4-020,face_eyeLookOutRight_mean,0.138,0.1379,0.00010000000000001674
Y4-001,face_eyeLookOutRight_std,0.1792,0.1793,9.999999999998899e-05
Y4-002,face_eyeLookOutRight_std,0.2105,0.2104,9.999999999998899e-05
Y4-005,face_eyeLookOutRight_std,0.1106,0.1107,0.00010000000000000286
Y4-031,face_eyeLookOutRight_std,0.0193,0.0194,9.99999999999994e-05
Y4-001,face_eyeLookOutRight_max,0.6101,0.6099,0.00019999999999997797
Y4-003,face_eyeLookOutRight_max,0.66,0.6601,9.999999999998899e-05
Y4-004,face_eyeLookOutRight_max,0.5957,0.5959,0.00019999999999997797
Y4-005,face_eyeLookOutRight_max,0.4167,0.4166,9.999999999998899e-05
Y4-011,face_eyeLookOutRight_max,0.3217,0.3216,9.999999999998899e-05
Y4-015,face_eyeLookOutRight_max,0.2956,0.2957,0.0001000000000000445
Y4-017,face_eyeLookOutRight_max,0.1622,0.1621,0.00010000000000001674
Y4-020,face_eyeLookOutRight_max,0.2463,0.2461,0.00019999999999997797
Y4-023,face_eyeLookOutRight_max,0.1088,0.1087,9.999999999998899e-05
Y4-025,face_eyeLookOutRight_max,0.3905,0.3906,9.999999999998899e-05
Y4-031,face_eyeLookOutRight_max,0.1009,0.101,0.00010000000000000286
Y4-035,face_eyeLookOutRight_max,0.1563,0.1561,0.00020000000000000573
Y4-038,face_eyeLookOutRight_max,0.3418,0.3419,9.999999999998899e-05
Y4-002,face_eyeLookUpLeft_std,0.0346,0.0345,9.999999999999593e-05
Y4-016,face_eyeLookUpLeft_std,0.0518,0.0517,9.999999999999593e-05
Y4-028,face_eyeLookUpLeft_std,0.0282,0.0283,9.99999999999994e-05
Y4-002,face_eyeLookUpLeft_max,0.2149,0.2148,0.00010000000000001674
Y4-009,face_eyeLookUpLeft_max,0.0588,0.0587,9.999999999999593e-05
Y4-011,face_eyeLookUpLeft_max,0.2161,0.2162,0.00010000000000001674
Y4-014,face_eyeLookUpLeft_max,0.2254,0.2253,9.999999999998899e-05
Y4-015,face_eyeLookUpLeft_max,0.3359,0.3357,0.00019999999999997797
Y4-018,face_eyeLookUpLeft_max,0.1308,0.1307,9.999999999998899e-05
Y4-034,face_eyeLookUpLeft_max,0.1035,0.1036,0.00010000000000000286
Y4-035,face_eyeLookUpLeft_max,0.156,0.1559,9.999999999998899e-05
Y4-036,face_eyeLookUpLeft_max,0.0817,0.0818,0.00010000000000000286
Y4-006,face_eyeLookUpRight_mean,0.0695,0.0696,9.999999999998899e-05
Y4-014,face_eyeLookUpRight_mean,0.1499,0.1498,0.00010000000000001674
Y4-024,face_eyeLookUpRight_mean,0.0969,0.0968,0.00010000000000000286
Y4-004,face_eyeLookUpRight_std,0.0465,0.0464,0.00010000000000000286
Y4-016,face_eyeLookUpRight_std,0.0522,0.0521,0.00010000000000000286
Y4-017,face_eyeLookUpRight_std,0.0223,0.0222,9.99999999999994e-05
Y4-030,face_eyeLookUpRight_std,0.0113,0.0114,0.00010000000000000113
Y4-002,face_eyeLookUpRight_max,0.2231,0.223,9.999999999998899e-05
Y4-003,face_eyeLookUpRight_max,0.1655,0.1656,9.999999999998899e-05
Y4-007,face_eyeLookUpRight_max,0.0344,0.0343,0.00010000000000000286
Y4-009,face_eyeLookUpRight_max,0.0587,0.0586,0.00010000000000000286
Y4-010,face_eyeLookUpRight_max,0.0386,0.0385,0.00010000000000000286
Y4-014,face_eyeLookUpRight_max,0.2248,0.2247,9.999999999998899e-05
Y4-015,face_eyeLookUpRight_max,0.3078,0.3077,0.0001000000000000445
Y4-016,face_eyeLookUpRight_max,0.6159,0.616,9.999999999998899e-05
Y4-025,face_eyeLookUpRight_max,0.0545,0.0544,0.00010000000000000286
Y4-036,face_eyeLookUpRight_max,0.078,0.0779,0.00010000000000000286
Y4-038,face_eyeLookUpRight_max,0.0953,0.0954,0.00010000000000000286
Y4-002,face_eyeSquintLeft_std,0.0468,0.0467,0.00010000000000000286
Y4-023,face_eyeSquintLeft_std,0.0253,0.0252,9.99999999999994e-05
Y4-033,face_eyeSquintLeft_std,0.0988,0.0987,0.00010000000000000286
Y4-001,face_eyeSquintLeft_max,0.6036,0.6034,0.00019999999999997797
Y4-007,face_eyeSquintLeft_max,0.3415,0.3416,9.999999999998899e-05
Y4-013,face_eyeSquintLeft_max,0.513,0.5131,9.999999999998899e-05
Y4-014,face_eyeSquintLeft_max,0.523,0.5229,9.999999999998899e-05
Y4-016,face_eyeSquintLeft_max,0.6099,0.6098,9.999999999998899e-05
Y4-018,face_eyeSquintLeft_max,0.7259,0.7261,0.00019999999999997797
Y4-026,face_eyeSquintLeft_max,0.2741,0.274,9.999999999998899e-05
Y4-027,face_eyeSquintLeft_max,0.2608,0.2609,0.0001000000000000445
Y4-036,face_eyeSquintLeft_max,0.5134,0.5133,9.999999999998899e-05
Y4-037,face_eyeSquintLeft_max,0.5048,0.5047,9.999999999998899e-05
Y4-015,face_eyeSquintRight_mean,0.4312,0.4311,0.0001000000000000445
Y4-026,face_eyeSquintRight_mean,0.318,0.3181,9.999999999998899e-05
Y4-035,face_eyeSquintRight_mean,0.5549,0.555,0.00010000000000010001
Y4-032,face_eyeSquintRight_std,0.0344,0.0345,0.00010000000000000286
Y4-034,face_eyeSquintRight_std,0.0607,0.0608,0.00010000000000000286
Y4-001,face_eyeSquintRight_max,0.5705,0.5704,9.999999999998899e-05
Y4-008,face_eyeSquintRight_max,0.6775,0.6776,9.999999999998899e-05
Y4-014,face_eyeSquintRight_max,0.6057,0.6058,9.999999999998899e-05
Y4-017,face_eyeSquintRight_max,0.7366,0.7365,9.999999999998899e-05
Y4-019,face_eyeSquintRight_max,0.3794,0.3793,9.999999999998899e-05
Y4-031,face_eyeSquintRight_max,0.627,0.6271,9.999999999998899e-05
Y4-032,face_eyeSquintRight_max,0.4471,0.4472,9.999999999998899e-05
Y4-033,face_eyeSquintRight_max,0.5455,0.5454,9.999999999998899e-05
Y4-038,face_eyeSquintRight_max,0.3481,0.3482,9.999999999998899e-05
Y4-024,face_eyeWideLeft_mean,0.012,0.0121,9.99999999999994e-05
Y4-038,face_eyeWideLeft_std,0.0053,0.0054,0.00010000000000000026
Y4-014,face_eyeWideLeft_max,0.0182,0.0181,9.99999999999994e-05
Y4-024,face_eyeWideLeft_max,0.0164,0.0165,9.99999999999994e-05
Y4-009,face_jawLeft_max,0.0062,0.0063,0.00010000000000000026
Y4-020,face_jawOpen_mean,0.1972,0.1971,9.999999999998899e-05
Y4-040,face_jawOpen_mean,0.2088,0.2089,9.999999999998899e-05
Y4-006,face_jawOpen_std,0.0906,0.0905,0.00010000000000000286
Y4-015,face_jawOpen_std,0.1645,0.1646,9.999999999998899e-05
Y4-018,face_jawOpen_std,0.0207,0.0206,9.99999999999994e-05
Y4-037,face_jawOpen_std,0.0659,0.0658,0.00010000000000000286
Y4-040,face_jawOpen_std,0.1527,0.1528,9.999999999998899e-05
Y4-002,face_jawOpen_max,0.12,0.1201,0.00010000000000000286
Y4-003,face_jawOpen_max,0.0712,0.0713,0.00010000000000000286
Y4-004,face_jawOpen_max,0.1827,0.1828,9.999999999998899e-05
Y4-009,face_jawOpen_max,0.3819,0.3818,0.0001000000000000445
Y4-011,face_jawOpen_max,0.3063,0.3062,9.999999999998899e-05
Y4-013,face_jawOpen_max,0.556,0.5561,9.999999999998899e-05
Y4-015,face_jawOpen_max,0.5714,0.5715,9.999999999998899e-05
Y4-017,face_jawOpen_max,0.1006,0.1005,9.999999999998899e-05
Y4-020,face_jawOpen_max,0.3503,0.3502,9.999999999998899e-05
Y4-026,face_jawOpen_max,0.04,0.0401,9.999999999999593e-05
Y4-030,face_jawOpen_max,0.4015,0.4016,9.999999999998899e-05
Y4-035,face_jawOpen_max,0.0722,0.0721,0.00010000000000000286
Y4-036,face_jawRight_max,0.0246,0.0245,9.99999999999994e-05
Y4-040,face_jawRight_max,0.145,0.1451,0.00010000000000001674
Y4-027,face_mouthDimpleLeft_mean,0.0846,0.0845,9.999999999998899e-05
Y4-039,face_mouthDimpleLeft_mean,0.0072,0.0071,9.99999999999994e-05
Y4-028,face_mouthDimpleLeft_std,0.1322,0.1321,0.00010000000000001674
Y4-001,face_mouthDimpleLeft_max,0.0314,0.0313,9.999999999999593e-05
Y4-014,face_mouthDimpleLeft_max,0.063,0.0631,0.00010000000000000286
Y4-018,face_mouthDimpleLeft_max,0.0813,0.0811,0.00019999999999999185
Y4-023,face_mouthDimpleLeft_max,0.2524,0.2525,9.999999999998899e-05
Y4-025,face_mouthDimpleLeft_max,0.0851,0.0852,0.00010000000000000286
Y4-026,face_mouthDimpleLeft_max,0.0077,0.0078,9.99999999999994e-05
Y4-027,face_mouthDimpleLeft_max,0.2738,0.2737,9.999999999998899e-05
Y4-028,face_mouthDimpleLeft_max,0.5134,0.513,0.00039999999999995595
Y4-030,face_mouthDimpleLeft_max,0.4308,0.431,0.00019999999999997797
Y4-036,face_mouthDimpleLeft_max,0.2258,0.226,0.00020000000000000573
Y4-039,face_mouthDimpleLeft_max,0.0166,0.0165,9.99999999999994e-05
Y4-027,face_mouthDimpleRight_max,0.1881,0.1882,0.00010000000000001674
Y4-028,face_mouthDimpleRight_max,0.1552,0.1551,0.00010000000000001674
Y4-030,face_mouthDimpleRight_max,0.0794,0.0795,0.00010000000000000286
Y4-034,face_mouthDimpleRight_max,0.0869,0.087,9.999999999998899e-05
Y4-026,face_mouthFrownLeft_max,0.0456,0.0455,0.00010000000000000286
Y4-019,face_mouthFrownRight_max,0.0045,0.0046,0.00010000000000000026
Y4-023,face_mouthFrownRight_max,0.013,0.0131,0.00010000000000000113
Y4-026,face_mouthFrownRight_max,0.04,0.0399,0.00010000000000000286
Y4-033,face_mouthFrownRight_max,0.0189,0.0188,9.99999999999994e-05
Y4-037,face_mouthFrownRight_max,0.0926,0.0925,0.00010000000000000286
Y4-030,face_mouthFunnel_std,0.0147,0.0146,9.99999999999994e-05
Y4-038,face_mouthFunnel_std,0.0206,0.0205,9.99999999999994e-05
Y4-003,face_mouthFunnel_max,0.0346,0.0347,0.00010000000000000286
Y4-007,face_mouthFunnel_max,0.1444,0.1441,0.0002999999999999947
Y4-009,face_mouthFunnel_max,0.0656,0.0657,9.999999999998899e-05
Y4-014,face_mouthFunnel_max,0.3081,0.3082,9.999999999998899e-05
Y4-015,face_mouthFunnel_max,0.0556,0.0555,9.999999999999593e-05
Y4-016,face_mouthFunnel_max,0.1109,0.1108,0.00010000000000000286
Y4-019,face_mouthFunnel_max,0.2314,0.2313,9.999999999998899e-05
Y4-020,face_mouthFunnel_max,0.0802,0.0801,9.999999999998899e-05
Y4-022,face_mouthFunnel_max,0.1822,0.1825,0.0002999999999999947
Y4-024,face_mouthFunnel_max,0.1852,0.1851,0.00010000000000001674
Y4-027,face_mouthFunnel_max,0.1034,0.1035,9.999999999998899e-05
Y4-028,face_mouthFunnel_max,0.2849,0.2848,9.999999999998899e-05
Y4-034,face_mouthFunnel_max,0.0309,0.031,9.99999999999994e-05
Y4-036,face_mouthFunnel_max,0.0127,0.0128,0.00010000000000000113
Y4-001,face_mouthLeft_max,0.0143,0.0144,9.99999999999994e-05
Y4-030,face_mouthLeft_max,0.0294,0.0293,9.99999999999994e-05
Y4-007,face_mouthLowerDownLeft_mean,0.058,0.0581,9.999999999999593e-05
Y4-019,face_mouthLowerDownLeft_mean,0.0359,0.0358,0.00010000000000000286
Y4-024,face_mouthLowerDownLeft_mean,0.1669,0.1668,9.999999999998899e-05
Y4-026,face_mouthLowerDownLeft_mean,0.1607,0.1608,9.999999999998899e-05
Y4-004,face_mouthLowerDownLeft_std,0.1311,0.131,9.999999999998899e-05
Y4-013,face_mouthLowerDownLeft_std,0.0823,0.0822,0.00010000000000000286
Y4-015,face_mouthLowerDownLeft_std,0.066,0.0661,0.00010000000000000286
Y4-024,face_mouthLowerDownLeft_std,0.1921,0.192,9.999999999998899e-05
Y4-025,face_mouthLowerDownLeft_std,0.0908,0.0907,0.00010000000000000286
Y4-040,face_mouthLowerDownLeft_std,0.1356,0.1355,9.999999999998899e-05
Y4-002,face_mouthLowerDownLeft_max,0.5703,0.5701,0.00019999999999997797
Y4-004,face_mouthLowerDownLeft_max,0.4428,0.4427,0.0001000000000000445
Y4-005,face_mouthLowerDownLeft_max,0.5195,0.5197,0.000200000000000089
Y4-006,face_mouthLowerDownLeft_max,0.3328,0.3327,9.999999999998899e-05
Y4-007,face_mouthLowerDownLeft_max,0.2746,0.2747,9.999999999998899e-05
Y4-011,face_mouthLowerDownLeft_max,0.468,0.4681,9.999999999998899e-05
Y4-013,face_mouthLowerDownLeft_max,0.3737,0.3735,0.00019999999999997797
Y4-015,face_mouthLowerDownLeft_max,0.2679,0.268,9.999999999998899e-05
Y4-021,face_mouthLowerDownLeft_max,0.4428,0.4429,9.999999999998899e-05
Y4-025,face_mouthLowerDownLeft_max,0.3229,0.3227,0.00020000000000003348
Y4-026,face_mouthLowerDownLeft_max,0.4914,0.4915,9.999999999998899e-05
Y4-030,face_mouthLowerDownLeft_max,0.2453,0.2452,9.999999999998899e-05
Y4-033,face_mouthLowerDownLeft_max,0.2285,0.2284,0.00010000000000001674
Y4-034,face_mouthLowerDownLeft_max,0.3254,0.3255,9.999999999998899e-05
Y4-037,face_mouthLowerDownLeft_max,0.216,0.2159,9.999999999998899e-05
Y4-038,face_mouthLowerDownLeft_max,0.0797,0.0798,0.00010000000000000286
Y4-040,face_mouthLowerDownLeft_max,0.4985,0.4987,0.00019999999999997797
Y4-013,face_mouthLowerDownRight_mean,0.0479,0.0478,9.999999999999593e-05
Y4-005,face_mouthLowerDownRight_std,0.219,0.2191,9.999999999998899e-05
Y4-011,face_mouthLowerDownRight_std,0.1481,0.1482,9.999999999998899e-05
Y4-025,face_mouthLowerDownRight_std,0.1293,0.1292,9.999999999998899e-05
Y4-040,face_mouthLowerDownRight_std,0.1334,0.1333,9.999999999998899e-05
Y4-002,face_mouthLowerDownRight_max,0.7399,0.7398,9.999999999998899e-05
Y4-007,face_mouthLowerDownRight_max,0.2406,0.2407,9.999999999998899e-05
Y4-008,face_mouthLowerDownRight_max,0.1378,0.1377,0.00010000000000001674
Y4-010,face_mouthLowerDownRight_max,0.3373,0.3374,9.999999999998899e-05
Y4-011,face_mouthLowerDownRight_max,0.5694,0.5695,9.999999999998899e-05
Y4-013,face_mouthLowerDownRight_max,0.299,0.2988,0.00019999999999997797
Y4-015,face_mouthLowerDownRight_max,0.3048,0.305,0.00019999999999997797
Y4-019,face_mouthLowerDownRight_max,0.3412,0.3411,9.999999999998899e-05
Y4-025,face_mouthLowerDownRight_max,0.4422,0.442,0.00019999999999997797
Y4-028,face_mouthLowerDownRight_max,0.3407,0.3406,9.999999999998899e-05
Y4-030,face_mouthLowerDownRight_max,0.3325,0.3324,0.0001000000000000445
Y4-032,face_mouthLowerDownRight_max,0.1558,0.1557,9.999999999998899e-05
Y4-033,face_mouthLowerDownRight_max,0.3804,0.3803,9.999999999998899e-05
Y4-036,face_mouthLowerDownRight_max,0.7882,0.7881,9.999999999998899e-05
Y4-037,face_mouthLowerDownRight_max,0.2868,0.2867,9.999999999998899e-05
Y4-038,face_mouthLowerDownRight_max,0.0956,0.0957,9.999999999998899e-05
Y4-039,face_mouthLowerDownRight_max,0.6647,0.6648,9.999999999998899e-05
Y4-040,face_mouthLowerDownRight_max,0.5556,0.5555,9.999999999998899e-05
Y4-002,face_mouthPressLeft_mean,0.0158,0.0157,0.00010000000000000286
Y4-033,face_mouthPressLeft_mean,0.2044,0.2045,9.999999999998899e-05
Y4-023,face_mouthPressLeft_std,0.0574,0.0573,0.00010000000000000286
Y4-037,face_mouthPressLeft_std,0.0481,0.0482,0.00010000000000000286
Y4-038,face_mouthPressLeft_std,0.1092,0.1093,9.999999999998899e-05
Y4-010,face_mouthPressLeft_max,0.0631,0.063,0.00010000000000000286
Y4-015,face_mouthPressLeft_max,0.2231,0.223,9.999999999998899e-05
Y4-016,face_mouthPressLeft_max,0.0924,0.0925,0.00010000000000000286
Y4-019,face_mouthPressLeft_max,0.1436,0.1437,9.999999999998899e-05
Y4-020,face_mouthPressLeft_max,0.3619,0.3621,0.00019999999999997797
Y4-021,face_mouthPressLeft_max,0.1276,0.1274,0.00019999999999997797
Y4-027,face_mouthPressLeft_max,0.1204,0.1205,0.00010000000000000286
Y4-028,face_mouthPressLeft_max,0.2833,0.2834,9.999999999998899e-05
Y4-031,face_mouthPressLeft_max,0.0447,0.0446,9.999999999999593e-05
Y4-033,face_mouthPressLeft_max,0.4365,0.4364,9.999999999998899e-05
Y4-038,face_mouthPressLeft_max,0.3101,0.3102,9.999999999998899e-05
Y4-039,face_mouthPressLeft_max,0.1602,0.1603,9.999999999998899e-05
Y4-021,face_mouthPressRight_mean,0.0573,0.0572,9.999999999999593e-05
Y4-034,face_mouthPressRight_mean,0.1383,0.1382,0.00010000000000001674
Y4-036,face_mouthPressRight_mean,0.0276,0.0277,9.99999999999994e-05
Y4-001,face_mouthPressRight_std,0.0318,0.0319,9.999999999999593e-05
Y4-010,face_mouthPressRight_std,0.0302,0.0301,0.00010000000000000286
Y4-015,face_mouthPressRight_std,0.0152,0.0153,9.99999999999994e-05
Y4-019,face_mouthPressRight_std,0.0676,0.0677,0.00010000000000000286
Y4-023,face_mouthPressRight_std,0.0302,0.0301,0.00010000000000000286
Y4-034,face_mouthPressRight_std,0.0956,0.0955,0.00010000000000000286
Y4-038,face_mouthPressRight_std,0.0614,0.0613,0.00010000000000000286
Y4-008,face_mouthPressRight_max,0.0203,0.0204,0.00010000000000000286
Y4-012,face_mouthPressRight_max,0.0862,0.0863,0.00010000000000000286
Y4-015,face_mouthPressRight_max,0.0553,0.0554,9.999999999999593e-05
Y4-020,face_mouthPressRight_max,0.3713,0.3715,0.00019999999999997797
Y4-021,face_mouthPressRight_max,0.1203,0.1204,9.999999999998899e-05
Y4-023,face_mouthPressRight_max,0.1531,0.153,0.00010000000000001674
Y4-030,face_mouthPressRight_max,0.1794,0.1795,9.999999999998899e-05
Y4-036,face_mouthPressRight_max,0.0767,0.0766,0.00010000000000000286
Y4-039,face_mouthPressRight_max,0.1416,0.1413,0.0002999999999999947
Y4-016,face_mouthPucker_mean,0.4324,0.4323,9.999999999998899e-05
Y4-018,face_mouthPucker_mean,0.0579,0.058,0.00010000000000000286
Y4-031,face_mouthPucker_mean,0.1758,0.1757,0.00010000000000001674
Y4-008,face_mouthPucker_std,0.1275,0.1274,9.999999999998899e-05
Y4-010,face_mouthPucker_std,0.034,0.0339,0.00010000000000000286
Y4-017,face_mouthPucker_std,0.1196,0.1197,0.00010000000000000286
Y4-020,face_mouthPucker_std,0.0373,0.0374,0.00010000000000000286
Y4-038,face_mouthPucker_std,0.1567,0.1566,0.00010000000000001674
Y4-039,face_mouthPucker_std,0.0423,0.0422,9.999999999999593e-05
Y4-001,face_mouthPucker_max,0.0126,0.0125,9.99999999999994e-05
Y4-006,face_mouthPucker_max,0.7477,0.7476,9.999999999998899e-05
Y4-007,face_mouthPucker_max,0.61,0.6098,0.00019999999999997797
Y4-010,face_mouthPucker_max,0.1603,0.16,0.0002999999999999947
Y4-011,face_mouthPucker_max,0.2538,0.254,0.00019999999999997797
Y4-018,face_mouthPucker_max,0.3833,0.3834,0.0001000000000000445
Y4-019,face_mouthPucker_max,0.9011,0.9012,9.999999999998899e-05
Y4-020,face_mouthPucker_max,0.1405,0.1411,0.0005999999999999894
Y4-022,face_mouthPucker_max,0.2655,0.2654,9.999999999998899e-05
Y4-024,face_mouthPucker_max,0.3237,0.3238,9.999999999998899e-05
Y4-026,face_mouthPucker_max,0.3454,0.3456,0.00020000000000003348
Y4-028,face_mouthPucker_max,0.6702,0.6701,9.999999999998899e-05
Y4-029,face_mouthPucker_max,0.0482,0.0483,0.00010000000000000286
Y4-030,face_mouthPucker_max,0.2969,0.2967,0.00019999999999997797
Y4-031,face_mouthPucker_max,0.3886,0.3883,0.00030000000000002247
Y4-032,face_mouthPucker_max,0.4833,0.4832,9.999999999998899e-05
Y4-033,face_mouthPucker_max,0.0167,0.0168,9.99999999999994e-05
Y4-034,face_mouthPucker_max,0.0384,0.0385,0.00010000000000000286
Y4-037,face_mouthPucker_max,0.2604,0.2601,0.00030000000000002247
Y4-039,face_mouthPucker_max,0.1384,0.1379,0.0005000000000000004
Y4-015,face_mouthRight_std,0.0029,0.003,0.00010000000000000026
Y4-001,face_mouthRight_max,0.0011,0.001,0.00010000000000000005
Y4-013,face_mouthRight_max,0.1098,0.1097,9.999999999998899e-05
Y4-023,face_mouthRight_max,0.0129,0.013,9.99999999999994e-05
Y4-001,face_mouthRollLower_mean,0.0138,0.0139,9.99999999999994e-05
Y4-010,face_mouthRollLower_max,0.0078,0.0079,0.00010000000000000113
Y4-013,face_mouthRollLower_max,0.3078,0.3077,0.0001000000000000445
Y4-020,face_mouthRollLower_max,0.4719,0.4721,0.00020000000000003348
Y4-036,face_mouthRollLower_max,0.0176,0.0177,9.99999999999994e-05
Y4-038,face_mouthRollLower_max,0.108,0.1083,0.0002999999999999947
Y4-010,face_mouthRollUpper_std,0.0096,0.0097,0.00010000000000000113
Y4-038,face_mouthRollUpper_std,0.028,0.0281,9.99999999999994e-05
Y4-014,face_mouthRollUpper_max,0.1917,0.1918,9.999999999998899e-05
Y4-020,face_mouthRollUpper_max,0.4447,0.4449,0.00020000000000003348
Y4-026,face_mouthRollUpper_max,0.0017,0.0016,9.999999999999983e-05
Y4-028,face_mouthRollUpper_max,0.2177,0.2178,9.999999999998899e-05
Y4-029,face_mouthRollUpper_max,0.0117,0.0116,0.00010000000000000113
Y4-038,face_mouthRollUpper_max,0.1239,0.1244,0.0005000000000000004
Y4-010,face_mouthShrugLower_mean,0.0054,0.0053,0.00010000000000000026
Y4-036,face_mouthShrugLower_mean,0.0146,0.0147,9.99999999999994e-05
Y4-023,face_mouthShrugLower_std,0.099,0.0991,9.999999999998899e-05
Y4-036,face_mouthShrugLower_std,0.0306,0.0307,0.00010000000000000286
Y4-001,face_mouthShrugLower_max,0.0275,0.0276,9.99999999999994e-05
Y4-019,face_mouthShrugLower_max,0.4583,0.4584,9.999999999998899e-05
Y4-023,face_mouthShrugLower_max,0.4792,0.4794,0.00019999999999997797
Y4-026,face_mouthShrugLower_max,0.0152,0.0153,9.99999999999994e-05
Y4-027,face_mouthShrugLower_max,0.1086,0.1088,0.00019999999999999185
Y4-033,face_mouthShrugLower_max,0.2979,0.298,9.999999999998899e-05
Y4-036,face_mouthShrugLower_max,0.1569,0.1572,0.0002999999999999947
Y4-038,face_mouthShrugLower_max,0.1906,0.1905,9.999999999998899e-05
Y4-039,face_mouthShrugLower_max,0.0092,0.0091,9.99999999999994e-05
Y4-005,face_mouthShrugUpper_max,0.0565,0.0566,9.999999999999593e-05
Y4-013,face_mouthShrugUpper_max,0.1871,0.1872,0.00010000000000001674
Y4-017,face_mouthShrugUpper_max,0.1871,0.1872,0.00010000000000001674
Y4-019,face_mouthShrugUpper_max,0.2112,0.2113,9.999999999998899e-05
Y4-023,face_mouthShrugUpper_max,0.1437,0.1438,0.00010000000000001674
Y4-027,face_mouthShrugUpper_max,0.1077,0.1078,0.00010000000000000286
Y4-006,face_mouthSmileLeft_mean,0.0868,0.0867,0.00010000000000000286
Y4-033,face_mouthSmileLeft_mean,0.2557,0.2558,0.0001000000000000445
Y4-039,face_mouthSmileLeft_mean,0.0341,0.0342,0.00010000000000000286
Y4-040,face_mouthSmileLeft_mean,0.8019,0.802,0.00010000000000010001
Y4-004,face_mouthSmileLeft_std,0.2306,0.2305,9.999999999998899e-05
Y4-007,face_mouthSmileLeft_std,0.2316,0.2317,9.999999999998899e-05
Y4-014,face_mouthSmileLeft_std,0.011,0.0111,0.00010000000000000113
Y4-036,face_mouthSmileLeft_std,0.3171,0.317,9.999999999998899e-05
Y4-002,face_mouthSmileLeft_max,0.5569,0.5568,9.999999999998899e-05
Y4-003,face_mouthSmileLeft_max,0.0235,0.0234,9.99999999999994e-05
Y4-006,face_mouthSmileLeft_max,0.4137,0.4136,9.999999999998899e-05
Y4-009,face_mouthSmileLeft_max,0.307,0.3072,0.00019999999999997797
Y4-011,face_mouthSmileLeft_max,0.6592,0.6591,9.999999999998899e-05
Y4-013,face_mouthSmileLeft_max,0.7198,0.7197,9.999999999998899e-05
Y4-014,face_mouthSmileLeft_max,0.0445,0.0446,0.00010000000000000286
Y4-018,face_mouthSmileLeft_max,0.5771,0.577,9.999999999998899e-05
Y4-019,face_mouthSmileLeft_max,0.3714,0.3715,9.999999999998899e-05
Y4-021,face_mouthSmileLeft_max,0.3234,0.3233,0.0001000000000000445
Y4-023,face_mouthSmileLeft_max,0.2495,0.2494,9.999999999998899e-05
Y4-024,face_mouthSmileLeft_max,0.1745,0.1739,0.0005999999999999894
Y4-026,face_mouthSmileLeft_max,0.4387,0.4388,0.0001000000000000445
Y4-027,face_mouthSmileLeft_max,0.789,0.7889,9.999999999998899e-05
Y4-031,face_mouthSmileLeft_max,0.7275,0.7276,9.999999999998899e-05
Y4-001,face_mouthSmileRight_mean,0.7167,0.7166,9.999999999998899e-05
Y4-005,face_mouthSmileRight_mean,0.6336,0.6337,9.999999999998899e-05
Y4-013,face_mouthSmileRight_mean,0.3476,0.3475,0.0001000000000000445
Y4-018,face_mouthSmileRight_mean,0.1563,0.1564,0.00010000000000001674
Y4-024,face_mouthSmileRight_mean,0.0618,0.0617,0.00010000000000000286
Y4-026,face_mouthSmileRight_mean,0.1038,0.1039,0.00010000000000000286
Y4-035,face_mouthSmileRight_mean,0.5843,0.5844,9.999999999998899e-05
Y4-007,face_mouthSmileRight_std,0.202,0.2021,9.999999999998899e-05
Y4-012,face_mouthSmileRight_std,0.0824,0.0823,0.00010000000000000286
Y4-019,face_mouthSmileRight_std,0.075,0.0749,0.00010000000000000286
Y4-024,face_mouthSmileRight_std,0.0606,0.0605,0.00010000000000000286
Y4-034,face_mouthSmileRight_std,0.3481,0.3482,9.999999999998899e-05
Y4-035,face_mouthSmileRight_std,0.1549,0.1548,0.00010000000000001674
Y4-002,face_mouthSmileRight_max,0.5154,0.5155,9.999999999998899e-05
Y4-004,face_mouthSmileRight_max,0.8724,0.8723,9.999999999998899e-05
Y4-006,face_mouthSmileRight_max,0.4133,0.4132,9.999999999998899e-05
Y4-009,face_mouthSmileRight_max,0.3033,0.3035,0.00019999999999997797
Y4-013,face_mouthSmileRight_max,0.724,0.7241,9.999999999998899e-05
Y4-014,face_mouthSmileRight_max,0.0751,0.0752,0.00010000000000000286
Y4-016,face_mouthSmileRight_max,0.0089,0.009,9.99999999999994e-05
Y4-018,face_mouthSmileRight_max,0.4479,0.448,9.999999999998899e-05
Y4-027,face_mouthSmileRight_max,0.843,0.8431,9.999999999998899e-05
Y4-028,face_mouthSmileRight_max,0.7351,0.7352,9.999999999998899e-05
Y4-029,face_mouthSmileRight_max,0.6802,0.6804,0.00019999999999997797
Y4-030,face_mouthSmileRight_max,0.3871,0.3875,0.00040000000000001146
Y4-031,face_mouthSmileRight_max,0.6179,0.618,9.999999999998899e-05
Y4-033,face_mouthSmileRight_max,0.6057,0.6056,9.999999999998899e-05
Y4-035,face_mouthSmileRight_max,0.687,0.6869,0.00010000000000010001
Y4-039,face_mouthSmileRight_max,0.1422,0.1424,0.00020000000000000573
Y4-024,face_mouthStretchLeft_mean,0.2613,0.2614,0.0001000000000000445
Y4-002,face_mouthStretchLeft_max,0.0139,0.014,0.00010000000000000113
Y4-004,face_mouthStretchLeft_max,0.2561,0.2562,9.999999999998899e-05
Y4-006,face_mouthStretchLeft_max,0.2631,0.263,9.999999999998899e-05
Y4-007,face_mouthStretchLeft_max,0.0227,0.0226,0.00010000000000000286
Y4-015,face_mouthStretchLeft_max,0.0884,0.0885,9.999999999998899e-05
Y4-022,face_mouthStretchLeft_max,0.0743,0.0742,0.00010000000000000286
Y4-024,face_mouthStretchLeft_max,0.5247,0.5245,0.000200000000000089
Y4-026,face_mouthStretchLeft_max,0.1744,0.1743,9.999999999998899e-05
Y4-034,face_mouthStretchLeft_max,0.3073,0.3072,0.0001000000000000445
Y4-040,face_mouthStretchLeft_max,0.2296,0.2295,9.999999999998899e-05
Y4-002,face_mouthStretchRight_mean,0.0411,0.0412,0.00010000000000000286
Y4-024,face_mouthStretchRight_mean,0.0667,0.0668,0.00010000000000000286
Y4-002,face_mouthStretchRight_std,0.026,0.0261,0.00010000000000000286
Y4-004,face_mouthStretchRight_std,0.1065,0.1066,0.00010000000000000286
Y4-015,face_mouthStretchRight_std,0.0139,0.014,0.00010000000000000113
Y4-021,face_mouthStretchRight_std,0.0288,0.0287,9.99999999999994e-05
Y4-022,face_mouthStretchRight_std,0.1161,0.1162,0.00010000000000000286
Y4-031,face_mouthStretchRight_std,0.0401,0.0402,0.00010000000000000286
Y4-001,face_mouthStretchRight_max,0.1713,0.171,0.0002999999999999947
Y4-004,face_mouthStretchRight_max,0.4392,0.4393,0.0001000000000000445
Y4-006,face_mouthStretchRight_max,0.5224,0.5223,9.999999999998899e-05
Y4-012,face_mouthStretchRight_max,0.0026,0.0025,9.999999999999983e-05
Y4-017,face_mouthStretchRight_max,0.155,0.1549,9.999999999998899e-05
Y4-021,face_mouthStretchRight_max,0.1165,0.1164,0.00010000000000000286
Y4-022,face_mouthStretchRight_max,0.3863,0.3864,0.0001000000000000445
Y4-024,face_mouthStretchRight_max,0.1662,0.1663,0.00010000000000001674
Y4-026,face_mouthStretchRight_max,0.0565,0.0566,9.999999999999593e-05
Y4-031,face_mouthStretchRight_max,0.1646,0.1645,9.999999999998899e-05
Y4-037,face_mouthStretchRight_max,0.0379,0.0378,0.00010000000000000286
Y4-004,face_mouthUpperUpLeft_mean,0.2264,0.2263,9.999999999998899e-05
Y4-006,face_mouthUpperUpLeft_mean,0.3065,0.3066,9.999999999998899e-05
Y4-011,face_mouthUpperUpLeft_mean,0.4474,0.4475,9.999999999998899e-05
Y4-023,face_mouthUpperUpLeft_mean,0.2686,0.2687,9.999999999998899e-05
Y4-029,face_mouthUpperUpLeft_mean,0.4712,0.4711,9.999999999998899e-05
Y4-005,face_mouthUpperUpLeft_std,0.2128,0.2127,9.999999999998899e-05
Y4-001,face_mouthUpperUpLeft_max,0.5859,0.5858,9.999999999998899e-05
Y4-002,face_mouthUpperUpLeft_max,0.6328,0.633,0.00019999999999997797
Y4-004,face_mouthUpperUpLeft_max,0.4804,0.4803,9.999999999998899e-05
Y4-006,face_mouthUpperUpLeft_max,0.7886,0.7887,9.999999999998899e-05
Y4-008,face_mouthUpperUpLeft_max,0.0036,0.0035,9.999999999999983e-05
Y4-009,face_mouthUpperUpLeft_max,0.2154,0.2153,0.00010000000000001674
Y4-011,face_mouthUpperUpLeft_max,0.6622,0.662,0.00019999999999997797
Y4-013,face_mouthUpperUpLeft_max,0.4476,0.4477,9.999999999998899e-05
Y4-015,face_mouthUpperUpLeft_max,0.0424,0.0423,0.00010000000000000286
Y4-018,face_mouthUpperUpLeft_max,0.5743,0.5744,9.999999999998899e-05
Y4-019,face_mouthUpperUpLeft_max,0.835,0.8351,9.999999999998899e-05
Y4-023,face_mouthUpperUpLeft_max,0.7281,0.728,9.999999999998899e-05
Y4-025,face_mouthUpperUpLeft_max,0.4114,0.4119,0.0005000000000000004
Y4-030,face_mouthUpperUpLeft_max,0.2997,0.2995,0.00020000000000003348
Y4-033,face_mouthUpperUpLeft_max,0.523,0.5231,9.999999999998899e-05
Y4-037,face_mouthUpperUpLeft_max,0.0726,0.0727,0.00010000000000000286
Y4-007,face_mouthUpperUpRight_mean,0.129,0.1291,9.999999999998899e-05
Y4-035,face_mouthUpperUpRight_mean,0.1122,0.1123,0.00010000000000000286
Y4-007,face_mouthUpperUpRight_std,0.0996,0.0997,0.00010000000000000286
Y4-024,face_mouthUpperUpRight_std,0.2708,0.2707,9.999999999998899e-05
Y4-029,face_mouthUpperUpRight_std,0.2002,0.2003,0.00010000000000001674
Y4-002,face_mouthUpperUpRight_max,0.5345,0.5347,0.00019999999999997797
Y4-003,face_mouthUpperUpRight_max,0.0115,0.0114,9.99999999999994e-05
Y4-004,face_mouthUpperUpRight_max,0.419,0.4188,0.00019999999999997797
Y4-006,face_mouthUpperUpRight_max,0.8218,0.8219,9.999999999998899e-05
Y4-009,face_mouthUpperUpRight_max,0.2411,0.241,0.00010000000000001674
Y4-011,face_mouthUpperUpRight_max,0.6495,0.6496,9.999999999998899e-05
Y4-015,face_mouthUpperUpRight_max,0.0665,0.0666,0.00010000000000000286
Y4-017,face_mouthUpperUpRight_max,0.903,0.9029,9.999999999998899e-05
Y4-018,face_mouthUpperUpRight_max,0.6414,0.6415,9.999999999998899e-05
Y4-021,face_mouthUpperUpRight_max,0.5272,0.5271,9.999999999998899e-05
Y4-025,face_mouthUpperUpRight_max,0.3645,0.3648,0.00030000000000002247
Y4-026,face_mouthUpperUpRight_max,0.6509,0.651,9.999999999998899e-05
Y4-028,face_mouthUpperUpRight_max,0.2319,0.232,0.00010000000000001674
Y4-029,face_mouthUpperUpRight_max,0.6358,0.6357,9.999999999998899e-05
Y4-030,face_mouthUpperUpRight_max,0.2012,0.2013,0.00010000000000001674
Y4-034,face_mouthUpperUpRight_max,0.7698,0.7699,9.999999999998899e-05
Y4-039,face_mouthUpperUpRight_max,0.2868,0.2869,9.999999999998899e-05
Y4-002,face_smile_mean,0.2692,0.2691,9.999999999998899e-05
Y4-015,face_smile_mean,0.1606,0.1607,0.00010000000000001674
Y4-033,face_smile_mean,0.2535,0.2536,9.999999999998899e-05
Y4-035,face_smile_mean,0.6243,0.6244,9.999999999998899e-05
Y4-001,face_smile_std,0.0631,0.063,0.00010000000000000286
Y4-006,face_smile_std,0.1271,0.127,9.999999999998899e-05
Y4-009,face_smile_std,0.0691,0.0692,0.00010000000000000286
Y4-019,face_smile_std,0.0966,0.0965,0.00010000000000000286
Y4-024,face_smile_std,0.0613,0.0612,0.00010000000000000286
Y4-033,face_smile_std,0.1475,0.1474,9.999999999998899e-05
Y4-035,face_smile_std,0.1599,0.1598,9.999999999998899e-05
Y4-036,face_smile_std,0.3079,0.3078,9.999999999998899e-05
Y4-038,face_smile_std,0.0047,0.0046,0.00010000000000000026
Y4-039,face_smile_std,0.045,0.0451,0.00010000000000000286
Y4-002,face_smile_max,0.5362,0.5361,9.999999999998899e-05
Y4-005,face_smile_max,0.7522,0.7521,9.999999999998899e-05
Y4-006,face_smile_max,0.4135,0.4134,9.999999999998899e-05
Y4-009,face_smile_max,0.3052,0.3054,0.00019999999999997797
Y4-011,face_smile_max,0.6571,0.657,9.999999999998899e-05
Y4-014,face_smile_max,0.0598,0.0599,0.00010000000000000286
Y4-023,face_smile_max,0.2102,0.2101,9.999999999998899e-05
Y4-025,face_smile_max,0.2952,0.2951,0.0001000000000000445
Y4-028,face_smile_max,0.7371,0.7372,9.999999999998899e-05
Y4-029,face_smile_max,0.72,0.7199,9.999999999998899e-05
Y4-030,face_smile_max,0.4656,0.4661,0.0005000000000000004
Y4-031,face_smile_max,0.6727,0.6728,9.999999999998899e-05
Y4-032,face_smile_max,0.0207,0.0208,9.99999999999994e-05
Y4-034,face_smile_max,0.7892,0.7891,9.999999999998899e-05
Y4-001,face_frown_max,0.0117,0.0116,0.00010000000000000113
Y4-021,face_frown_max,0.005,0.0049,0.00010000000000000026
Y4-026,face_frown_max,0.0428,0.0427,9.999999999999593e-05
Y4-037,face_frown_max,0.0782,0.0781,0.00010000000000000286
Y4-003,face_brow_lowerer_mean,0.0244,0.0245,9.99999999999994e-05
Y4-034,face_brow_lowerer_mean,0.0407,0.0408,0.00010000000000000286
Y4-040,face_brow_lowerer_mean,0.0453,0.0454,0.00010000000000000286
Y4-010,face_brow_lowerer_max,0.0453,0.0454,0.00010000000000000286
Y4-011,face_brow_lowerer_max,0.0895,0.0894,0.00010000000000000286
Y4-014,face_brow_lowerer_max,0.0426,0.0427,0.00010000000000000286
Y4-017,face_brow_lowerer_max,0.4491,0.4492,9.999999999998899e-05
Y4-018,face_brow_lowerer_max,0.0376,0.0377,9.999999999999593e-05
Y4-031,face_brow_lowerer_max,0.1836,0.1835,0.00010000000000001674
Y4-034,face_brow_lowerer_max,0.0812,0.0811,9.999999999998899e-05
Y4-036,face_brow_lowerer_max,0.1196,0.1195,0.00010000000000000286
Y4-037,face_brow_lowerer_max,0.0301,0.0302,0.00010000000000000286
Y4-038,face_brow_lowerer_max,0.2024,0.2025,0.00010000000000001674
Y4-040,face_brow_lowerer_max,0.1202,0.1203,0.00010000000000000286
Y4-001,face_brow_inner_raiser_mean,0.0089,0.0088,9.99999999999994e-05
Y4-024,face_brow_inner_raiser_mean,0.2661,0.2662,9.999999999998899e-05
Y4-025,face_brow_inner_raiser_mean,0.091,0.0911,0.00010000000000000286
Y4-037,face_brow_inner_raiser_mean,0.3247,0.3248,9.999999999998899e-05
Y4-040,face_brow_inner_raiser_mean,0.0682,0.0681,0.00010000000000000286
Y4-005,face_brow_inner_raiser_max,0.2262,0.2264,0.00019999999999997797
Y4-007,face_brow_inner_raiser_max,0.2373,0.2372,0.00010000000000001674
Y4-013,face_brow_inner_raiser_max,0.4293,0.4292,9.999999999998899e-05
Y4-014,face_brow_inner_raiser_max,0.3283,0.3285,0.00020000000000003348
Y4-016,face_brow_inner_raiser_max,0.8518,0.8519,9.999999999998899e-05
Y4-019,face_brow_inner_raiser_max,0.7087,0.7088,9.999999999998899e-05
Y4-022,face_brow_inner_raiser_max,0.6537,0.6538,0.00010000000000010001
Y4-024,face_brow_inner_raiser_max,0.4234,0.4238,0.00040000000000001146
Y4-025,face_brow_inner_raiser_max,0.1937,0.1938,9.999999999998899e-05
Y4-026,face_brow_inner_raiser_max,0.6236,0.6237,9.999999999998899e-05
Y4-028,face_brow_inner_raiser_max,0.1559,0.156,9.999999999998899e-05
Y4-030,face_brow_inner_raiser_max,0.0952,0.0951,0.00010000000000000286
Y4-031,face_brow_inner_raiser_max,0.0238,0.0239,9.99999999999994e-05
Y4-032,face_brow_inner_raiser_max,0.428,0.4279,9.999999999998899e-05
Y4-036,face_brow_inner_raiser_max,0.1149,0.115,0.00010000000000000286
Y4-040,face_brow_inner_raiser_max,0.4694,0.4693,9.999999999998899e-05
Y4-020,face_jaw_open_mean,0.1972,0.1971,9.999999999998899e-05
Y4-040,face_jaw_open_mean,0.2088,0.2089,9.999999999998899e-05
Y4-006,face_jaw_open_std,0.0906,0.0905,0.00010000000000000286
Y4-015,face_jaw_open_std,0.1645,0.1646,9.999999999998899e-05
Y4-018,face_jaw_open_std,0.0207,0.0206,9.99999999999994e-05
Y4-037,face_jaw_open_std,0.0659,0.0658,0.00010000000000000286
Y4-040,face_jaw_open_std,0.1527,0.1528,9.999999999998899e-05
Y4-002,face_jaw_open_max,0.12,0.1201,0.00010000000000000286
Y4-003,face_jaw_open_max,0.0712,0.0713,0.00010000000000000286
Y4-004,face_jaw_open_max,0.1827,0.1828,9.999999999998899e-05
Y4-009,face_jaw_open_max,0.3819,0.3818,0.0001000000000000445
Y4-011,face_jaw_open_max,0.3063,0.3062,9.999999999998899e-05
Y4-013,face_jaw_open_max,0.556,0.5561,9.999999999998899e-05
Y4-015,face_jaw_open_max,0.5714,0.5715,9.999999999998899e-05
Y4-017,face_jaw_open_max,0.1006,0.1005,9.999999999998899e-05
Y4-020,face_jaw_open_max,0.3503,0.3502,9.999999999998899e-05
Y4-026,face_jaw_open_max,0.04,0.0401,9.999999999999593e-05
Y4-030,face_jaw_open_max,0.4015,0.4016,9.999999999998899e-05
Y4-035,face_jaw_open_max,0.0722,0.0721,0.00010000000000000286
Y4-005,face_eye_squint_mean,0.4298,0.4299,9.999999999998899e-05
Y4-008,face_eye_squint_mean,0.5757,0.5758,9.999999999998899e-05
Y4-011,face_disgust_mean,0.2203,0.2204,0.00010000000000001674
Y4-029,face_ear_mean,0.4626,0.4627,9.999999999998899e-05
Y4-031,face_ear_mean,0.4349,0.435,9.999999999998899e-05
Y4-009,face_ear_min,0.4233,0.4232,9.999999999998899e-05
Y4-022,face_ear_min,0.4309,0.4308,9.999999999998899e-05
Y4-027,face_ear_min,0.5257,0.5258,0.00010000000000010001
Y4-028,face_ear_min,0.4647,0.4648,9.999999999998899e-05
Y4-031,face_ear_min,0.3478,0.3479,9.999999999998899e-05
Y4-040,face_ear_min,0.4983,0.4982,0.0001000000000000445
Y4-020,face_mar_mean,0.337,0.3369,0.0001000000000000445
Y4-021,face_mar_mean,0.2406,0.2405,0.00010000000000001674
Y4-027,face_mar_mean,0.3347,0.3346,9.999999999998899e-05
Y4-036,face_mar_mean,0.3034,0.3035,9.999999999998899e-05
Y4-014,face_mar_std,0.2065,0.2064,9.999999999998899e-05
Y4-024,face_mar_std,0.1897,0.1896,0.00010000000000001674
Y4-032,face_mar_std,0.0944,0.0943,0.00010000000000000286
Y4-039,face_mar_std,0.1598,0.1597,9.999999999998899e-05
Y4-003,face_mar_max,0.3303,0.3304,0.0001000000000000445
Y4-009,face_mar_max,0.653,0.6529,9.999999999998899e-05
Y4-012,face_mar_max,0.3841,0.3842,9.999999999998899e-05
Y4-015,face_mar_max,0.699,0.6991,0.00010000000000010001
Y4-016,face_mar_max,0.4963,0.4964,9.999999999998899e-05
Y4-017,face_mar_max,0.5469,0.547,9.999999999998899e-05
Y4-023,face_mar_max,0.7159,0.716,9.999999999998899e-05
Y4-026,face_mar_max,0.591,0.5911,9.999999999998899e-05
Y4-038,face_mar_max,0.457,0.4568,0.00020000000000003348
Y4-032,face_pitch_mean_deg,3.52,3.51,0.010000000000000231
Y4-004,face_pitch_std_deg,4.37,4.36,0.009999999999999787
Y4-031,face_yaw_mean_deg,-8.5,-8.51,0.009999999999999787
Y4-033,face_yaw_std_deg,4.97,4.96,0.009999999999999787
