participant_code,stored_f0_mean,diagnostic_frame_length,diagnostic_voiced_frames,diagnostic_total_frames,diagnostic_f0_mean_hz
Y4-005,0,2048,0,47,
Y4-007,0,2048,0,80,
Y4-008,0,2048,0,64,
Y4-010,0,2048,0,53,
Y4-012,0,2048,0,72,
Y4-013,0,2048,10,80,52.1603900955285
Y4-015,0,2048,0,57,
Y4-016,0,2048,0,56,
Y4-018,0,2048,0,53,
Y4-023,0,2048,0,53,
Y4-024,0,2048,0,45,
Y4-025,0,2048,0,51,
Y4-027,0,2048,11,43,296.6893077677921
Y4-028,0,2048,37,51,156.66284851310024
Y4-035,0,2048,45,47,182.41524207270405
Y4-036,0,2048,0,56,
Y4-038,0,2048,30,56,146.89306419625402
