participant_code,filename,sample_rate,channels,sample_width,frames,duration,peak,rms,dc_mean,clipped_sample_fraction,stereo_correlation,mono_to_channel_rms_ratio,sha256,first_50ms_rms_to_peak_window,last_50ms_rms_to_peak_window
Y4-001,Y4-001_Y4_PM_Thrilled.WAV,44100,2,2,29696,0.6733786848072563,0.29827880859375,0.04496830464984987,-6.616680786527437e-05,0.0,0.9186863139262815,0.9781779676471578,ec6e957c7d058124b68c79d2c655fe6d2293e642603498e8c7479bca0cb02f45,0.15839260659355123,0.1180161865280776
Y4-002,Y4-002_Y4_PM_Lutang.WAV,44100,2,2,34816,0.7894784580498866,0.291351318359375,0.02730610547543646,-3.1832386465633614e-05,0.0,0.8472801152346958,0.9598800891241555,b3a060871f9bb5511ce5dbaf372cdc451ead7eeac4e9de690d88612d12777545,0.35564136870842805,0.12746450201991635
Y4-003,Y4-003_Y4_PM_Libog.WAV,44100,2,2,29696,0.6733786848072563,0.249786376953125,0.03456059453771075,-4.92447409136542e-05,0.0,0.9062280571188718,0.974847435882178,64a5fdf59ba007a40a76edbf92302bf0ec811c7c6b7b5473430b03709801614e,0.19622058152771893,0.14649371715073412
Y4-004,Y4-004_Y4_PM_Okay.WAV,44100,2,2,29696,0.6733786848072563,0.250030517578125,0.035925200661929044,-1.196306327293659e-05,0.0,0.9219253048876075,0.9796707095899545,820597c5a280f1877e11f3941c44ab9c89ba6e3a872cfe1e9bbc9bb4882eec54,0.2344405496627749,0.10418996579705916
Y4-005,Y4-005_Y4_PM_Hapsay.WAV,44100,2,2,32768,0.7430385487528345,0.22320556640625,0.03054206744115611,-4.2438507080078125e-05,0.0,0.46513494854133314,0.8545542998052045,ddb7bd7d0f9fba2e1a992932cc67605aea165e82a78473d5648e2249e724015a,0.3450659599357345,0.19389000817210544
Y4-006,Y4-006_Y4_PM_Kapuliki.WAV,44100,2,2,31744,0.7198185941043084,0.192840576171875,0.02526054539216396,-3.4523106390430084e-05,0.0,0.8814600129600983,0.9678036697145842,e29e20bb72716ad3b78b6b6cb5cd80ddf8fa368cca18d3e1f143cf38c595b453,0.37326841040840336,0.13574452656847533
Y4-007,Y4-007_Y4_AM_Nahuwasan.WAV,44100,2,2,56320,1.2770975056689342,0.549468994140625,0.05676239568810353,-0.0003526254133744673,0.0,0.4619498933460357,0.8540863159784173,07f9e5d5cc682193c7f40ebcaecd1263d70b2c06ed074978c2ae33e0711b147e,0.3711825398197994,0.2346539149256243
Y4-008,Y4-008_Y4_AM_Chuy.WAV,44100,2,2,45056,1.0216780045351475,0.4307861328125,0.053824102920965726,-0.0002081956375728954,0.0,0.5644984560184327,0.8816560035635055,ce3d2fa8f953b838b4fcb84fc7150448abf5ca0447e286e157e3b69a95917475,0.25312187457028884,0.24068180872135853
Y4-009,Y4-009_Y4_AM_Gakaguol.WAV,44100,2,2,55296,1.253877551020408,0.557708740234375,0.06069490827169143,-1.819680134455363e-05,0.0,0.8129979562420377,0.9500163332312211,f0a04c9489042642c02f4ea78ad95096b97144e4e963b6911198e992b70d0a7f,0.22714935572739195,0.12037631274004029
Y4-010,Y4-010_Y4_AM_Hapsay.WAV,44100,2,2,36864,0.8359183673469388,0.724090576171875,0.07400633169554455,-9.935018089082505e-05,0.0,0.6687974762172526,0.9118605002339125,cc0266d254e323b0239edfc55d99ff1d3cf0f031d9fec2e8ee0bfd58d598a3bb,0.22517420733048277,0.2361724108236857
Y4-011,Y4-011_Y4_AM_Kapoy.WAV,44100,2,2,46080,1.0448979591836736,0.630950927734375,0.08790805479691954,-7.040169503953721e-05,0.0,0.7114559705507585,0.9219868908354416,989642c466bf9f321500ae0b34b9108092a2427a3b8c0bf407c4beea51593e0b,0.2463054926155323,0.17683453477496958
Y4-012,Y4-012_Y4_AM_Okay.WAV,44100,2,2,50176,1.1377777777777778,0.412506103515625,0.04719274646790683,-4.583962109624123e-05,0.0,0.5995142809914749,0.8911902245024251,a1f6ff6a07cbbfc1e39173e1acddc19facda2aeb173e38a55f98a19f02630ea3,0.5932119058952391,0.3051125766486671
Y4-013,Y4-013_Y4_AM_Kapoy.WAV,44100,2,2,56320,1.2770975056689342,0.768768310546875,0.06138373920985031,0.00031685883348638364,0.0,0.4926331813206866,0.8611177827085594,b8c3b3c76b47807cf94b0a8d96d19d517c78a78409a51fb03348aeca1ef1cee9,0.3093575100214331,0.0
Y4-014,Y4-014_Y4_AM_Relibo.WAV,44100,2,2,28672,0.6501587301587302,0.456390380859375,0.06952137470433309,-0.00011581129261425563,0.0,0.601405365618543,0.8901912726227672,12a1bb1e2e7ef0c3fc24ad33fb6e657ce0d347205cad8c6fa10a769356dbe083,0.8379539703857091,0.3424016151478551
Y4-015,Y4-015_Y4_AM_Kapoy.WAV,44100,2,2,39936,0.905578231292517,0.488189697265625,0.04848567274830983,-2.8984668927314956e-06,0.0,0.3401700817114613,0.8161997141829308,1d1041bb61958ce5adac98d87df856a938471277d3f2d6ae60ce6a42aa8d5a70,0.4727214529943696,0.271367899614704
Y4-016,Y4-016_Y4_AM_Kulba.WAV,44100,2,2,38912,0.8823582766439909,0.364105224609375,0.05020737934828312,1.0406892550619026e-05,0.0,0.5344850869295223,0.8731476909591364,0645da147d05174a4184ec43ff306b54e896aec06cb39e1bc3370698daa281c8,0.3566825314265636,0.3747905634028134
Y4-017,Y4-017_Y4_AM_Gihigugma.WAV,44100,2,2,68608,1.555736961451247,0.461639404296875,0.06766391878944847,-7.708815496359299e-05,0.0,0.6783767886942804,0.9146881283601881,3e57967fd1a3a1728d00c2afa03dcf9c41f67cc941191b5695984432ae291d51,0.3536381103625131,0.0
Y4-018,Y4-018_Y4_AM_Lingaw.WAV,44100,2,2,36864,0.8359183673469388,0.569793701171875,0.06102423289931318,-5.752262141969469e-06,0.0,0.6814963513168871,0.9157737192414835,c6a183384d849453b1043ad24ee990c5241d6250547f4508564c7165dd3d3f9b,0.23592893044771623,0.3530638842090675
Y4-019,Y4-019_Y4_AM_Kaguol.WAV,44100,2,2,34816,0.7894784580498866,0.763153076171875,0.10674925970963656,-0.00018620841643389533,0.0,0.7787982600555562,0.9403075760718311,3734349cc1df032b530754e777e5ecdc62a84147c83c11fc25a8a21a038ba04c,0.3376384037862741,0.23667874480625611
Y4-020,Y4-020_Y4_AM_Kulba.WAV,44100,2,2,19456,0.44117913832199546,0.54071044921875,0.09963692621222338,1.2371885149102463e-05,0.0,0.8668149969806006,0.9660123022188428,151a6120e8942a83dae73fd03f8de5d991e103838a948df095978b3c139fe171,0.2880148334401718,0.23327252662360076
Y4-021,Y4-021_Y4_AM_Gaduha-duha.WAV,44100,2,2,39936,0.905578231292517,0.8934326171875,0.13948176996254777,-0.0018842392242871798,0.0,0.6299255036875521,0.9022670329681778,b61490db2f0c745d48b5f02a224a3328e4a0e84bf03d08820b4a4a5cf0afdaff,0.27569732227949134,0.1790759289572347
Y4-022,Y4-022_Y4_AM_Ambot.WAV,44100,2,2,45056,1.0216780045351475,0.4715576171875,0.06996853860687123,-6.520714272152294e-05,0.0,0.4974869089188156,0.8646367822472952,4f82dd2360c2171280ddf6fbe6309a5189ab0189006d1f83a24ca6e1af3e1b25,0.07975017908163747,0.8546203048656797
Y4-023,Y4-023_Y4_AM_Kapoy.WAV,44100,2,2,36864,0.8359183673469388,0.8819580078125,0.06784223590441875,-1.783834563361274e-05,0.0,0.4663089903957987,0.8551155501772906,e450a35a731b30b36eb0fb6b596157a5ee7879eb25b1018585a5ec565e7ab2cc,0.11937496547397725,0.31776422096266427
Y4-024,Y4-024_Y4_AM_Okay.WAV,44100,2,2,31744,0.7198185941043084,0.660614013671875,0.07564938808127816,-0.00011092472460962111,0.0,0.5576184110101566,0.87944005407887,4480d29141c3c7124750301c69825884735f8e2cf98af32febeb05c434f65719,0.08274779251986428,0.5829769437622719
Y4-025,Y4-025_Y4_AM_Kapoy.WAV,44100,2,2,35840,0.8126984126984127,0.4571533203125,0.07222049972395204,-4.5731237956455775e-05,0.0,0.5013952567429204,0.866373225632093,5cc3cc94362697e497c52d2cfcb1dfb8329cdee0ed62711340ec2e1c091cc554,0.5113322005460916,0.7177427909923209
Y4-026,Y4-026_Y4_AM_Lisod.WAV,44100,2,2,39936,0.905578231292517,0.4564208984375,0.07287907014555105,-5.5899222691853843e-05,0.0,0.704887903757334,0.921520833207778,dad3940f2116f42b2fc73611c6ac0fcc1e3ac86faf573db824de001f89e658c4,0.7847116097000458,0.13936642495019547
Y4-027,Y4-027_Y4_AM_Kapoy.WAV,44100,2,2,29696,0.6733786848072563,0.8109130859375,0.13645128827697234,-0.00018715498776271426,0.0,0.5540755630562412,0.8792106604934503,5d0d2fe599815e4f13a61250e5ba8ce30b707d116c80e903d22614e8361828e1,0.4665759692517328,0.3703759564576613
Y4-028,Y4-028_Y4_AM_Kapoy.WAV,44100,2,2,35840,0.8126984126984127,0.75811767578125,0.12498141134673768,-0.00012802779674530028,0.0,0.7121776068355096,0.9232049019853068,75a7354d99f87f0dda9b12706702a3fcb1a1b8bc1cf7b098433d72040033b5e3,0.43463348423091547,0.36235501604149767
Y4-029,Y4-029_Y4_AM_Pildi.WAV,44100,2,2,43008,0.9752380952380952,0.7703857421875,0.1496236744891527,-0.00016530070986066545,0.0,0.8319347154660246,0.9558565973413741,955d4ddb74eebfb120ce5ddfdc3737605e8acdba99ae2c4415b2653a274cb00b,0.5581346227387605,0.17624673457362425
Y4-030,Y4-030_Y4_AM_Kapoy.WAV,44100,2,2,38912,0.8823582766439909,0.7198486328125,0.04938601155103837,-3.762543201446533e-05,0.0,0.637467403984457,0.8984990588966663,49963accee556a5c7cd46ad2c5552e7007b38560bd0d1f9cc45e63fe106a0d21,0.1600546374989673,0.20260700473639573
Y4-031,Y4-031_Y4_AM_Lisod.WAV,44100,2,2,31744,0.7198185941043084,0.25396728515625,0.05600092605889963,-6.913081292183168e-05,0.0,0.6277425544584719,0.8995836031223398,8820854ed4d8a8656a46e2967b75d31dc2bdb080d77616a5c629cfee4fcb878b,0.8680331306304192,0.4625554600564172
Y4-032,Y4-032_Y4_AM_Libog.WAV,44100,2,2,28672,0.6501587301587302,0.492767333984375,0.08665681101819292,-0.00011160810078893389,0.0,0.6583238192541763,0.9100504333083801,352ef59e6ef5059e0df4e35c712320a9ed3f142138fcd97b12d2043680504d65,0.7170730136238906,0.7518963848580819
Y4-033,Y4-033_Y4_AM_Hilom.WAV,44100,2,2,35840,0.8126984126984127,0.77288818359375,0.1088470971500308,5.4333039692470003e-05,0.0,0.6451599479988008,0.9014681450607442,3cac8453059bb68b0f37bb61bbf4490ec978ee50c8f7674f54033491dbbeb857,0.3789109083539547,0.42718587567155614
Y4-034,Y4-034_Y4_AM_Kapoy.WAV,44100,2,2,36864,0.8359183673469388,0.716949462890625,0.10483524795312561,-6.344252162509495e-05,0.0,0.8098239370503438,0.9505672982418247,17f158a744c56eb576339863d40232896acd50968a56e26f05eec28c5a4edd76,0.14293266580670455,0.2203240815294683
Y4-035,Y4-035_Y4_AM_Mamatay.WAV,44100,2,2,32768,0.7430385487528345,0.586700439453125,0.07628023848415551,-0.00016487762331962585,0.0,0.6935498751515304,0.9156350420531245,80d29237ef0826950eb5f8ebb2274b74997faaffa741408c307cfaad330e1fd8,0.8541123025510745,0.18462985379236269
Y4-036,Y4-036_Y4_AM_Kapoy.WAV,44100,2,2,38912,0.8823582766439909,0.744384765625,0.1225395284337884,-6.890296936035156e-05,0.0,0.38908907580542523,0.8289184292543337,6131d2d347135e62b975f04bc2b9d75b89f5fef74165cfee62be4c78e870b844,0.3019287153693251,0.4730155281973679
Y4-037,Y4-037_Y4_AM_Kapoy.WAV,44100,2,2,45056,1.0216780045351475,0.723724365234375,0.10733899911542694,-8.297169750387019e-05,0.0,0.5087468512875297,0.8683836299089723,19c3283fdfdbe77a78e5166b77fd089d0031123941b6472bb9ddaeacea574a16,0.6280909134908931,0.49625529563409715
Y4-038,Y4-038_Y4_AM_Labad.WAV,44100,2,2,38912,0.8823582766439909,0.765106201171875,0.0999327700452062,-1.7227310883371454e-05,0.0,0.7312300476896758,0.9271396347354406,64026c080fe6b31058fa5ad2d77a46db853b3457e6164821dca05ab10fdce956,0.12226150792081318,0.15859883108830775
Y4-039,Y4-039_Y4_AM_Kamatuoran.WAV,44100,2,2,36864,0.8359183673469388,0.77001953125,0.12549915000984063,-7.536593410703872e-05,0.0,0.8846918245216875,0.9665043565775385,a52daa99eb0f03e5fd301a5f0fc85f287fab5031763241a5e70ebd2f692dd488,0.12628490203010564,0.17055490276977273
Y4-040,Y4-040_Y4_AM_Hangak.WAV,44100,2,2,45056,1.0216780045351475,0.66644287109375,0.05098194073655501,-4.653835838491266e-05,0.0,0.4686532562830791,0.8555994047444215,e36f0b74f91031e46ecf1f72fcfce071b16cf870f490498939fbf2d53409ccd3,0.1504124285349459,0.12115319253170695
