participant_code,video_filename,width,height,fps,reported_frames,decoded_frames,decoded_duration_sec,video_audio_decode_success,video_audio_duration_sec,wav_duration_sec,alignment_lag_ms,aligned_audio_correlation
Y4-001,Y4-001_Y4_PM_Thrilled.mov,1920,1080,30.0,20,20,0.6666666666666666,True,0.673375,0.6734375,0.0,0.999650265112772
Y4-002,Y4-002_Y4_PM_Lutang.mov,1920,1080,30.0,23,23,0.7666666666666667,True,0.7895,0.7895,0.0,0.9992435054787294
Y4-003,Y4-003_Y4_PM_Libog.mov,1920,1080,30.0,20,20,0.6666666666666666,True,0.673375,0.6734375,0.0,0.9997034360758407
Y4-004,Y4-004_Y4_PM_Okay.mov,1920,1080,30.0,20,20,0.6666666666666666,True,0.673375,0.6734375,0.0,0.999704831837145
Y4-005,Y4-005_Y4_PM_Hapsay.mov,1920,1080,30.0,22,22,0.7333333333333333,True,0.7430625,0.7430625,0.0,0.9990778740665799
Y4-006,Y4-006_Y4_PM_Kapuliki.mov,1920,1080,30.0,21,21,0.7,True,0.7198125,0.719875,0.0,0.9995266843838334
Y4-007,Y4-007_Y4_AM_Nahuwasan.mov,1920,1080,30.0,38,38,1.2666666666666666,True,1.277125,1.277125,0.0,0.999486279896861
Y4-008,Y4-008_Y4_AM_Chuy.mov,1920,1080,30.0,30,30,1.0,True,1.0216875,1.0216875,0.0,0.9995228411461008
Y4-009,Y4-009_Y4_AM_Gakaguol.mov,1920,1080,30.0,37,37,1.2333333333333334,True,1.253875,1.2539375,0.0,0.9996379915252193
Y4-010,Y4-010_Y4_AM_Hapsay.mov,1920,1080,30.0,25,25,0.8333333333333334,True,0.8359375,0.8359375,0.0,0.9986671146070126
Y4-011,Y4-011_Y4_AM_Kapoy.mov,1920,1080,30.0,31,31,1.0333333333333334,True,1.0449375,1.0449375,0.0,0.9995950271919598
Y4-012,Y4-012_Y4_AM_Okay.mov,1920,1080,30.0,34,34,1.1333333333333333,True,1.1378125,1.1378125,0.0,0.9991756327280978
Y4-013,Y4-013_Y4_AM_Kapoy.mov,1920,1080,30.0,38,38,1.2666666666666666,True,1.277125,1.277125,0.0,0.9992795445468355
Y4-014,Y4-014_Y4_AM_Relibo.mov,1920,1080,30.0,19,19,0.6333333333333333,True,0.6501875,0.6501875,0.0,0.9992383484341343
Y4-015,Y4-015_Y4_AM_Kapoy.mov,1920,1080,30.0,27,27,0.9,True,0.9055625,0.905625,0.0,0.9993224441835438
Y4-016,Y4-016_Y4_AM_Kulba.mov,1920,1080,30.0,26,26,0.8666666666666667,True,0.882375,0.882375,0.0,0.9994412560597303
Y4-017,Y4-017_Y4_AM_Gihigugma.mov,1920,1080,30.0,46,46,1.5333333333333334,True,1.55575,1.55575,0.0,0.9996095128476303
Y4-018,Y4-018_Y4_AM_Lingaw.mov,1920,1080,30.0,25,25,0.8333333333333334,True,0.8359375,0.8359375,0.0,0.9996374996900581
Y4-019,Y4-019_Y4_AM_Kaguol.mov,1920,1080,30.0,23,23,0.7666666666666667,True,0.7895,0.7895,0.0,0.9996705957172763
Y4-020,Y4-020_Y4_AM_Kulba.mov,1920,1080,30.0,13,13,0.43333333333333335,True,0.4411875,0.4411875,0.0,0.9994408382767387
Y4-021,Y4-021_Y4_AM_Gaduha-duha.mov,1920,1080,30.0,27,27,0.9,True,0.9055625,0.905625,0.0,0.9992869162849359
Y4-022,Y4-022_Y4_AM_Ambot.mov,1920,1080,30.0,30,30,1.0,True,1.0216875,1.0216875,0.0,0.9995348285603057
Y4-023,Y4-023_Y4_AM_Kapoy.mov,1920,1080,30.0,25,25,0.8333333333333334,True,0.8359375,0.8359375,0.0,0.9999905143104548
Y4-024,Y4-024_Y4_AM_Okay.mov,1920,1080,30.0,21,21,0.7,True,0.7198125,0.719875,0.0,0.9999905174881419
Y4-025,Y4-025_Y4_AM_Kapoy.mov,1920,1080,30.0,24,24,0.8,True,0.8126875,0.81275,0.0,0.9999703763825478
Y4-026,Y4-026_Y4_AM_Lisod.mov,1920,1080,30.0,27,27,0.9,True,0.9055625,0.905625,0.0,0.9999760470393376
Y4-027,Y4-027_Y4_AM_Kapoy.mov,1920,1080,30.0,20,20,0.6666666666666666,True,0.673375,0.6734375,0.0,0.9999944491617957
Y4-028,Y4-028_Y4_AM_Kapoy.mov,1920,1080,30.0,24,24,0.8,True,0.8126875,0.81275,0.0,0.99965576565413
Y4-029,Y4-029_Y4_AM_Pildi.mov,1920,1080,30.0,29,29,0.9666666666666667,True,0.97525,0.97525,0.0,0.9993403657965232
Y4-030,Y4-030_Y4_AM_Kapoy.mov,1920,1080,30.0,26,26,0.8666666666666667,True,0.882375,0.882375,0.0,0.998869346723718
Y4-031,Y4-031_Y4_AM_Lisod.mov,1920,1080,30.0,21,21,0.7,True,0.7198125,0.719875,0.0,0.9991168564649172
Y4-032,Y4-032_Y4_AM_Libog.mov,1920,1080,30.0,19,19,0.6333333333333333,True,0.6501875,0.6501875,0.0,0.9990702322568248
Y4-033,Y4-033_Y4_AM_Hilom.mov,1920,1080,30.0,24,24,0.8,True,0.8126875,0.81275,0.0,0.9992393709099942
Y4-034,Y4-034_Y4_AM_Kapoy.mov,1920,1080,30.0,25,25,0.8333333333333334,True,0.8359375,0.8359375,0.0,0.9994393280330366
Y4-035,Y4-035_Y4_AM_Mamatay.mov,1920,1080,30.0,22,22,0.7333333333333333,True,0.7430625,0.7430625,0.0,0.9989723424267403
Y4-036,Y4-036_Y4_AM_Kapoy.mov,1920,1080,30.0,26,26,0.8666666666666667,True,0.882375,0.882375,0.0,0.9993741434562561
Y4-037,Y4-037_Y4_AM_Kapoy.mov,1920,1080,30.0,30,30,1.0,True,1.0216875,1.0216875,0.0,0.9995241706137303
Y4-038,Y4-038_Y4_AM_Labad.mov,1920,1080,30.0,26,26,0.8666666666666667,True,0.882375,0.882375,0.0,0.9997733171629745
Y4-039,Y4-039_Y4_AM_Kamatuoran.mov,1920,1080,30.0,25,25,0.8333333333333334,True,0.8359375,0.8359375,0.0,0.9995808339681729
Y4-040,Y4-040_Y4_AM_Hangak.mov,1920,1080,30.0,30,30,1.0,True,1.0216875,1.0216875,0.0,0.9986688961625222
