Participant Code,Field,Status,Note
Y4-022,Self-Reported Feeling,Unverified word fill,The tracked survey was blank and the current value equals the spoken word; confirm whether this was recovered from the participant response.
Y4-023,Self-Reported Feeling,Unverified word fill,The tracked survey was blank and the current value equals the spoken word; confirm whether this was recovered from the participant response.
Y4-024,Self-Reported Feeling,Unverified word fill,The tracked survey was blank and the current value equals the spoken word; confirm whether this was recovered from the participant response.
Y4-025,Self-Reported Feeling,Unverified word fill,The tracked survey was blank and the current value equals the spoken word; confirm whether this was recovered from the participant response.
Y4-027,Self-Reported Feeling,Unverified word fill,The tracked survey was blank and the current value equals the spoken word; confirm whether this was recovered from the participant response.
Y4-028,Self-Reported Feeling,Unverified word fill,The tracked survey was blank and the current value equals the spoken word; confirm whether this was recovered from the participant response.
Y4-029,Self-Reported Feeling,Unverified word fill,The tracked survey was blank and the current value equals the spoken word; confirm whether this was recovered from the participant response.
Y4-030,Self-Reported Feeling,Unverified word fill,The tracked survey was blank and the current value equals the spoken word; confirm whether this was recovered from the participant response.
Y4-031,Self-Reported Feeling,Unverified word fill,The tracked survey was blank and the current value equals the spoken word; confirm whether this was recovered from the participant response.
Y4-032,Self-Reported Feeling,Unverified word fill,The tracked survey was blank and the current value equals the spoken word; confirm whether this was recovered from the participant response.
Y4-033,Self-Reported Feeling,Unverified word fill,The tracked survey was blank and the current value equals the spoken word; confirm whether this was recovered from the participant response.
Y4-034,Self-Reported Feeling,Unverified word fill,The tracked survey was blank and the current value equals the spoken word; confirm whether this was recovered from the participant response.
Y4-036,Self-Reported Feeling,Unverified word fill,The tracked survey was blank and the current value equals the spoken word; confirm whether this was recovered from the participant response.
Y4-038,Self-Reported Feeling,Unverified word fill,The tracked survey was blank and the current value equals the spoken word; confirm whether this was recovered from the participant response.
Y4-039,Self-Reported Feeling,Unverified word fill,The tracked survey was blank and the current value equals the spoken word; confirm whether this was recovered from the participant response.
Y4-040,Self-Reported Feeling,Unverified word fill,The tracked survey was blank and the current value equals the spoken word; confirm whether this was recovered from the participant response.
